filename, Bed-bug, Bee-bite, Beetle, Chigger-bites, Conenose Bite, Fire-Ant, Fleas, Gnat-bites, Horse-Fly, Lice, Midges, Mites, Mosquito, Scabies, Scorpion, Spider, Tick, Wasp, Yellow-Jacket, bedbug
fire-ant-3_jpg.rf.d4633e219967cf0bf33458e77ab31d67.jpg, 0, 0, 0, 0, 0, 1, 0, 0, 0, 0, 0, 0, 0, 0, 0, 0, 0, 0, 0, 0
Screenshot--34-_png.rf.d5c08e0318e2ec730c6d479090652dee.jpg, 0, 0, 0, 0, 0, 0, 0, 0, 0, 0, 0, 0, 0, 0, 0, 1, 0, 0, 0, 0
IMG-3072_JPG.rf.db83fb6d5606553293a7d5aef32c1ace.jpg, 0, 0, 0, 0, 0, 0, 0, 0, 0, 0, 0, 0, 0, 1, 0, 0, 0, 0, 0, 0
beetle-13_jpg.rf.df6513b37376c07cc548a7977d5ee7db.jpg, 0, 0, 1, 0, 0, 0, 0, 0, 0, 0, 0, 0, 0, 0, 0, 0, 0, 0, 0, 0
mite-9_jpg.rf.d33003b6fced5a6f785210962383a85d.jpg, 0, 0, 0, 0, 0, 0, 0, 0, 0, 0, 0, 1, 0, 0, 0, 0, 0, 0, 0, 0
yellow-jacket-bug-bites5_jpg.rf.d36099bdb5c3b47897eee88c7175acda.jpg, 0, 0, 0, 0, 0, 0, 0, 0, 0, 0, 0, 0, 0, 0, 0, 0, 0, 0, 1, 0
Screenshot--8-_png.rf.e4d9f1c6c3b0e577c452a09f5225581e.jpg, 0, 0, 0, 0, 0, 0, 0, 0, 1, 0, 0, 0, 0, 0, 0, 0, 0, 0, 0, 0
IMG-3118_JPG.rf.def4864fc5ba77e259daf548a0eb0e0f.jpg, 0, 0, 0, 0, 0, 0, 0, 0, 0, 0, 1, 0, 0, 0, 0, 0, 0, 0, 0, 0
gnat-bites84_jpg.rf.e4d0866d0b0fcb394555894368da643e.jpg, 0, 0, 0, 0, 0, 0, 0, 1, 0, 0, 0, 0, 0, 0, 0, 0, 0, 0, 0, 0
Screenshot--31-_png.rf.e43b1ea634b26c996d26e09ce40ea322.jpg, 0, 0, 0, 0, 0, 0, 0, 0, 0, 0, 0, 0, 0, 0, 0, 1, 0, 0, 0, 0
Screenshot--3-_png.rf.e40632df878dfbdb7da1a95eed89fc3d.jpg, 0, 0, 0, 0, 0, 0, 0, 0, 1, 0, 0, 0, 0, 0, 0, 0, 0, 0, 0, 0
Screenshot--35-_png.rf.e3193cf2391d62f83870cfa111db3283.jpg, 0, 0, 0, 0, 0, 0, 0, 0, 0, 0, 0, 0, 0, 0, 0, 0, 0, 1, 0, 0
Screenshot--19-_png.rf.e2d684d0681daec3e942cae4ee3ed37c.jpg, 0, 0, 0, 0, 0, 0, 0, 0, 0, 1, 0, 0, 0, 0, 0, 0, 0, 0, 0, 0
Screenshot--25-_png.rf.de76ea9eec3c2911a5a093ee08a71061.jpg, 0, 0, 0, 0, 0, 0, 0, 0, 0, 0, 0, 0, 0, 0, 0, 1, 0, 0, 0, 0
gnat-bites48_jpg.rf.e0e19e38ea52d3ecf8a7c920db298aa1.jpg, 0, 0, 0, 0, 0, 0, 0, 1, 0, 0, 0, 0, 0, 0, 0, 0, 0, 0, 0, 0
Screenshot--11-_png.rf.e57184508e7ad898f8eb0d41a3c002d7.jpg, 0, 0, 0, 0, 0, 0, 0, 0, 1, 0, 0, 0, 0, 0, 0, 0, 0, 0, 0, 0
Screenshot--24-_png.rf.d55d5f044f14c4df9cdbe01912f5eef8.jpg, 0, 0, 0, 0, 0, 0, 0, 0, 0, 1, 0, 0, 0, 0, 0, 0, 0, 0, 0, 0
Screenshot--28-_png.rf.d6f18d44ae158eac4cc869efaf1589c7.jpg, 0, 0, 0, 0, 0, 0, 0, 0, 0, 1, 0, 0, 0, 0, 0, 0, 0, 0, 0, 0
bites-4_jpg.rf.d4f571c68864046a48b79bcf6fd5ac20.jpg, 0, 1, 1, 0, 0, 1, 1, 0, 0, 0, 0, 0, 1, 0, 0, 0, 1, 0, 0, 0
Screenshot--17-_png.rf.d8f22d08c440ce5f43157e7751b1425d.jpg, 0, 0, 0, 0, 0, 0, 0, 0, 0, 0, 0, 0, 1, 0, 0, 0, 0, 0, 0, 0
gnat-bites22_jpg.rf.d63d80bbc83de2b5556b822214a3d446.jpg, 0, 0, 0, 0, 0, 0, 0, 1, 0, 0, 0, 0, 0, 0, 0, 0, 0, 0, 0, 0
th--3-_jpeg.rf.de6d1c635f2137cd5fecc5867030e863.jpg, 0, 0, 0, 0, 0, 0, 0, 0, 0, 0, 0, 0, 0, 0, 0, 0, 0, 0, 1, 0
th--7-_jpeg.rf.d76e4c2a120c2407d83e2d057bf7f8bc.jpg, 0, 0, 0, 0, 1, 0, 0, 0, 0, 0, 0, 0, 0, 0, 0, 0, 0, 0, 0, 0
gnat-bites6_jpg.rf.e075b248fae28f982118a5dd5cf87652.jpg, 0, 0, 0, 0, 0, 0, 0, 1, 0, 0, 0, 0, 0, 0, 0, 0, 0, 0, 0, 0
Screenshot--29-_png.rf.dd690dd04ba99edaf2944e24808c477f.jpg, 0, 0, 0, 0, 0, 0, 0, 0, 0, 1, 0, 0, 0, 0, 0, 0, 0, 0, 0, 0
Screen-Shot-2022-07-01-at-11-15-20-AM_png.rf.e5fb866832ceb156ea6e723f5145cf69.jpg, 0, 0, 0, 0, 0, 0, 0, 1, 0, 0, 0, 0, 0, 0, 0, 0, 0, 0, 0, 0
mite-9_jpg.rf.e74e25eb00f962473c213a0483cc7930.jpg, 0, 0, 0, 0, 0, 0, 0, 0, 0, 0, 0, 1, 0, 0, 0, 0, 0, 0, 0, 0
Screen-Shot-2022-07-01-at-11-36-33-AM_png.rf.e79790d96642898b1bddde35e1b1ff20.jpg, 0, 0, 0, 1, 0, 0, 0, 0, 0, 0, 0, 0, 0, 0, 0, 0, 0, 0, 0, 0
IMG_3031_jpeg.rf.e7deaf3451a0d7c88e2be982d79266fb.jpg, 0, 0, 0, 0, 0, 0, 0, 0, 0, 0, 0, 0, 0, 0, 1, 0, 0, 0, 0, 0
IMG-3090_JPG.rf.e86772c6e366b3f1a62e5bbe899cb950.jpg, 0, 0, 0, 0, 0, 0, 1, 0, 0, 0, 0, 0, 0, 0, 0, 0, 0, 0, 0, 0
fire-ant-4_jpg.rf.e8b5ab3a5dcc1680ffbc233d3ba4313d.jpg, 0, 0, 0, 0, 0, 1, 0, 0, 0, 0, 0, 0, 0, 0, 0, 0, 0, 0, 0, 0
mite-3_jpg.rf.e91357abe77afb0c8fd2535d9dc94092.jpg, 0, 0, 0, 0, 0, 0, 0, 0, 0, 0, 0, 1, 0, 0, 0, 0, 0, 0, 0, 0
yellow-jacket-bug-bites26_jpg.rf.e945dccb84366261a3ccb886efc55c92.jpg, 0, 0, 0, 0, 0, 0, 0, 0, 0, 0, 0, 0, 0, 0, 0, 0, 0, 0, 1, 0
gnat-bites40_jpg.rf.ea4b62483fd6e2af070670312f471aa9.jpg, 0, 0, 0, 0, 0, 0, 0, 1, 0, 0, 0, 0, 0, 0, 0, 0, 0, 0, 0, 0
gnat-bites43_jpg.rf.eadc1da85f0c7c500936a37701e67d75.jpg, 0, 0, 0, 0, 0, 0, 0, 1, 0, 0, 0, 0, 0, 0, 0, 0, 0, 0, 0, 0
Screen-Shot-2022-07-01-at-11-03-07-AM_png.rf.eae07d01d82c5d12a8bdc3b0095e9a4a.jpg, 0, 1, 0, 0, 0, 0, 0, 0, 0, 0, 0, 0, 0, 0, 0, 0, 0, 0, 0, 0
beetle-10_jpg.rf.ebf97041fbd44548d7b1fc4b6b60b06b.jpg, 0, 0, 1, 0, 0, 0, 0, 0, 0, 0, 0, 0, 0, 0, 0, 0, 0, 0, 0, 0
Screenshot--54-_png.rf.ec2524365f0446f21127bb24b72be307.jpg, 0, 0, 0, 0, 0, 0, 0, 0, 0, 0, 0, 0, 0, 0, 0, 0, 1, 0, 0, 0
Screenshot--27-_png.rf.ed3d9fd75e5a17254f9f7b622b04f829.jpg, 0, 0, 0, 0, 0, 0, 0, 0, 0, 0, 0, 0, 0, 0, 0, 1, 0, 0, 0, 0
IMG-3120_JPG.rf.ed67bdba71a14bc43c258ca1b283a8e4.jpg, 0, 0, 0, 0, 0, 0, 0, 0, 0, 0, 1, 0, 0, 0, 0, 0, 0, 0, 0, 0
fire-ant-bite-1_jpg.rf.ed81e54b74422e91b47af12fa52a57b7.jpg, 0, 0, 0, 0, 0, 1, 0, 0, 0, 0, 0, 0, 0, 0, 0, 0, 0, 0, 0, 0
Screenshot--2-_png.rf.ee2ae86cbd894aaa83e81b701049d0fd.jpg, 0, 0, 0, 0, 0, 0, 0, 0, 1, 0, 0, 0, 0, 0, 0, 0, 0, 0, 0, 0
IMG_3039_jpeg.rf.ee88c4da8f585440669e4cb9b6498684.jpg, 0, 0, 0, 0, 0, 0, 0, 0, 0, 0, 0, 0, 0, 0, 1, 0, 0, 0, 0, 0
Screenshot--38-_png.rf.eea7818b90e7160c09b403f03a6bdb87.jpg, 0, 0, 0, 0, 0, 0, 0, 0, 0, 0, 0, 0, 0, 0, 0, 0, 0, 1, 0, 0
gnat-bites16_jpg.rf.eed9b658778071331468a2ffefee95e9.jpg, 0, 0, 0, 0, 0, 0, 0, 1, 0, 0, 0, 0, 0, 0, 0, 0, 0, 0, 0, 0
Screenshot--28-_png.rf.eef04a77ca7fdb11cdec8984485d49b3.jpg, 0, 0, 0, 0, 0, 0, 0, 0, 0, 0, 0, 0, 0, 0, 0, 1, 0, 0, 0, 0
th--7-_jpeg.rf.ef95bf9181c0119d1e6c9b508894d048.jpg, 0, 0, 0, 0, 1, 0, 0, 0, 0, 0, 0, 0, 0, 0, 0, 0, 0, 0, 0, 0
Screenshot--22-_png.rf.efcb83658c8eb13b771c8ca8c9d7b0f2.jpg, 0, 0, 0, 0, 0, 0, 0, 0, 0, 0, 0, 0, 0, 0, 0, 1, 0, 0, 0, 0
mite-14_jpg.rf.f00425f6e409c9827ac3e48b087eb215.jpg, 0, 0, 0, 0, 0, 0, 0, 0, 0, 0, 0, 1, 0, 0, 0, 0, 0, 0, 0, 0
gnat-bites55_jpg.rf.f010b48aaee4040f2b96293d7f3ebbc2.jpg, 0, 0, 0, 0, 0, 0, 0, 1, 0, 0, 0, 0, 0, 0, 0, 0, 0, 0, 0, 0
Screenshot--22-_png.rf.f1ac659879c4e9349c4519bf782fcd77.jpg, 0, 0, 0, 0, 0, 0, 0, 0, 0, 0, 0, 0, 0, 0, 0, 1, 0, 0, 0, 0
Screenshot--20-_png.rf.f2312e420528ef4faee36455031a1a87.jpg, 0, 0, 0, 0, 0, 0, 0, 0, 0, 1, 0, 0, 0, 0, 0, 0, 0, 0, 0, 0
IMG-3119_JPG.rf.e646f6f27510fd217edb34f5560912ed.jpg, 0, 0, 0, 0, 0, 0, 0, 0, 0, 0, 1, 0, 0, 0, 0, 0, 0, 0, 0, 0
Screenshot--39-_png.rf.e95ae256473d6323a466c94f47dc7489.jpg, 0, 0, 0, 0, 0, 0, 0, 0, 0, 0, 0, 0, 0, 0, 0, 0, 0, 1, 0, 0
gnat-bites65_jpg.rf.f23ba7f8676f871abe9ead6885127250.jpg, 0, 0, 0, 0, 0, 0, 0, 1, 0, 0, 0, 0, 0, 0, 0, 0, 0, 0, 0, 0
IMG-3080_jpg.rf.f2af505658884a1afbe91cd6d8ce51c9.jpg, 0, 0, 0, 0, 0, 0, 0, 0, 0, 0, 0, 0, 0, 1, 0, 0, 0, 0, 0, 0
Screenshot--49-_png.rf.f28856eeb38eab1b61565cbbbbaa29b6.jpg, 0, 0, 0, 0, 0, 0, 0, 0, 0, 0, 0, 0, 0, 0, 0, 0, 1, 0, 0, 0
Screenshot--29-_png.rf.e7abd93b85dc196ab5163facd0529407.jpg, 0, 0, 0, 0, 0, 0, 0, 0, 0, 1, 0, 0, 0, 0, 0, 0, 0, 0, 0, 0
Screenshot--26-_png.rf.f2e81bd43fb6ed6a12fd1d499e8961a7.jpg, 0, 0, 0, 0, 0, 0, 0, 0, 0, 1, 0, 0, 0, 0, 0, 0, 0, 0, 0, 0
Screenshot--13-_png.rf.f37184baba3970dc83c33abfa984fb20.jpg, 0, 0, 0, 0, 0, 0, 0, 0, 0, 0, 0, 0, 1, 0, 0, 0, 0, 0, 0, 0
beetle-9_jpg.rf.f44084c71c76ba07adb17a91ab22c7cb.jpg, 0, 0, 1, 0, 0, 0, 0, 0, 0, 0, 0, 0, 0, 0, 0, 0, 0, 0, 0, 0
Screenshot--72-_png.rf.f50816bfa0c8dda1f3cd6f2dabaf0189.jpg, 1, 0, 0, 0, 0, 0, 0, 0, 0, 0, 0, 0, 0, 0, 0, 0, 0, 0, 0, 0
Screenshot--46-_png.rf.f64ff7b37b56ab7ced226a0202ccdded.jpg, 0, 0, 0, 0, 0, 0, 0, 0, 0, 0, 0, 0, 0, 0, 0, 0, 0, 1, 0, 0
mite-10_jpg.rf.f59e003744abd2ff547c8fd3ab5262c6.jpg, 0, 0, 0, 0, 0, 0, 0, 0, 0, 0, 0, 1, 0, 0, 0, 0, 0, 0, 0, 0
Screenshot--22-_png.rf.f77eea58f342630f48b0c053071b80f6.jpg, 0, 0, 0, 0, 0, 0, 0, 0, 0, 1, 0, 0, 0, 0, 0, 0, 0, 0, 0, 0
Screen-Shot-2022-07-01-at-11-22-10-AM_png.rf.eec60300894db7cd36aa92b8ed7b3a12.jpg, 0, 0, 0, 0, 0, 0, 0, 1, 0, 0, 0, 0, 0, 0, 0, 0, 0, 0, 0, 0
Screenshot--28-_png.rf.f902a1b4322db8f3b95f6ffe13b4c26c.jpg, 0, 0, 0, 0, 0, 0, 0, 0, 0, 0, 0, 0, 0, 0, 0, 1, 0, 0, 0, 0
beetle-5_jpg.rf.f93bdf43f00657fc5e7426cf336a0ed3.jpg, 0, 0, 1, 0, 0, 0, 0, 0, 0, 0, 0, 0, 0, 0, 0, 0, 0, 0, 0, 0
Screenshot--80-_png.rf.fa2a1cfc5b7d16ebbc9c0336600760c5.jpg, 1, 0, 0, 0, 0, 0, 0, 0, 0, 0, 0, 0, 0, 0, 0, 0, 0, 0, 0, 0
Screenshot--49-_png.rf.fb3200fce9244439c75d4aa9f0d75045.jpg, 0, 0, 0, 0, 0, 0, 0, 0, 0, 0, 0, 0, 0, 0, 0, 0, 1, 0, 0, 0
IMG-3084_JPG.rf.fa4f27e5377518ab07c0231def59d2d8.jpg, 0, 0, 0, 0, 0, 0, 1, 0, 0, 0, 0, 0, 0, 0, 0, 0, 0, 0, 0, 0
Screenshot--18-_png.rf.fbbbe59d8acba0432e4e4a7e05942e6b.jpg, 0, 0, 0, 0, 0, 0, 0, 0, 0, 0, 0, 0, 1, 0, 0, 0, 0, 0, 0, 0
IMG-3115_JPG.rf.f22783aee221de32bc695f7d92063cb4.jpg, 0, 0, 0, 0, 0, 0, 0, 0, 0, 0, 1, 0, 0, 0, 0, 0, 0, 0, 0, 0
IMG-3120_JPG.rf.fbddf3efc7ca65a0d95d4b3c792d9f04.jpg, 0, 0, 0, 0, 0, 0, 0, 0, 0, 0, 1, 0, 0, 0, 0, 0, 0, 0, 0, 0
beetle-3_jpg.rf.fcfb1d48933c8fc4a82b67b09a1e8fe7.jpg, 0, 0, 1, 0, 0, 0, 0, 0, 0, 0, 0, 0, 0, 0, 0, 0, 0, 0, 0, 0
Screenshot--21-_png.rf.fd0f852f51a687f69040fea9b33752f6.jpg, 0, 0, 0, 0, 0, 0, 0, 0, 0, 1, 0, 0, 0, 0, 0, 0, 0, 0, 0, 0
Screenshot--51-_png.rf.fce9b67c8044210facb54c39cb199bfd.jpg, 0, 0, 0, 0, 0, 0, 0, 0, 0, 0, 0, 0, 0, 0, 0, 0, 1, 0, 0, 0
Screenshot--34-_png.rf.fd189432b65d55f085ce27bbaeda3885.jpg, 0, 0, 0, 0, 0, 0, 0, 0, 0, 0, 0, 0, 0, 0, 0, 1, 0, 0, 0, 0
IMG_3027--1-_jpeg.rf.fd1c76978ab3023019befc3ef81c732a.jpg, 0, 0, 0, 0, 0, 0, 0, 0, 0, 0, 0, 0, 0, 0, 1, 0, 0, 0, 0, 0
IMG_3033_jpeg.rf.fe7a9201ad276f4c163e153dc4a5b6b3.jpg, 0, 0, 0, 0, 0, 0, 0, 0, 0, 0, 0, 0, 0, 0, 1, 0, 0, 0, 0, 0
Screenshot--51-_png.rf.fec23445401b850db2b34b7543ec0920.jpg, 0, 0, 0, 0, 0, 0, 0, 0, 0, 0, 0, 0, 0, 0, 0, 0, 1, 0, 0, 0
Screen-Shot-2022-07-01-at-11-22-10-AM_png.rf.fede61c949171dc15541d81b18acf777.jpg, 0, 0, 0, 0, 0, 0, 0, 1, 0, 0, 0, 0, 0, 0, 0, 0, 0, 0, 0, 0
Screenshot--6-_png.rf.fb82d3917360bd925d221c03f86c187a.jpg, 0, 0, 0, 0, 0, 0, 0, 0, 1, 0, 0, 0, 0, 0, 0, 0, 0, 0, 0, 0
Screenshot--9-_png.rf.f561b56831d7841c45d07b263baf05d1.jpg, 0, 0, 0, 0, 0, 0, 0, 0, 1, 0, 0, 0, 0, 0, 0, 0, 0, 0, 0, 0
IMG-3074_JPG.rf.f5508531affd31fdcf3b1cfe0a40e780.jpg, 0, 0, 0, 0, 0, 0, 0, 0, 0, 0, 0, 0, 0, 1, 0, 0, 0, 0, 0, 0
Screenshot--44-_png.rf.f8e7c75a88dadd33715295139ef4cd4f.jpg, 0, 0, 0, 0, 0, 0, 0, 0, 0, 0, 0, 0, 0, 0, 0, 0, 0, 1, 0, 0
Screenshot--25-_png.rf.f31e45ad63da9c84a09d6cf3262c034d.jpg, 0, 0, 0, 0, 0, 0, 0, 0, 0, 1, 0, 0, 0, 0, 0, 0, 0, 0, 0, 0
mite-2_jpg.rf.f2c5be2997ae16a9030a970e7d168dc4.jpg, 0, 0, 0, 0, 0, 0, 0, 0, 0, 0, 0, 1, 0, 0, 0, 0, 0, 0, 0, 0
gnat-bites16_jpg.rf.fe7cf35fec7618e063fbdd6c9f78b051.jpg, 0, 0, 0, 0, 0, 0, 0, 1, 0, 0, 0, 0, 0, 0, 0, 0, 0, 0, 0, 0
Screen-Shot-2022-07-01-at-11-24-11-AM_png.rf.f6b64519097fdb2f70a9b062577cec9c.jpg, 0, 0, 0, 0, 0, 0, 0, 1, 0, 0, 0, 0, 0, 0, 0, 0, 0, 0, 0, 0
512px-Bienenstich_25a_jpg.rf.00083be5985f585ae905166bcb9bad6b.jpg, 0, 1, 0, 0, 0, 0, 0, 0, 0, 0, 0, 0, 0, 0, 0, 0, 0, 0, 0, 0
gnat-bites23_jpg.rf.003127f2a2bf24a0831c818e20836679.jpg, 0, 0, 0, 0, 0, 0, 0, 1, 0, 0, 0, 0, 0, 0, 0, 0, 0, 0, 0, 0
Screenshot--15-_png.rf.004684ea858d82be8ca359801b52ebc5.jpg, 0, 0, 0, 0, 0, 0, 0, 0, 1, 0, 0, 0, 0, 0, 0, 0, 0, 0, 0, 0
IMG-3111_JPG.rf.00c024a478481fabe4c050253a6e7c38.jpg, 0, 0, 0, 0, 0, 0, 0, 0, 0, 0, 1, 0, 0, 0, 0, 0, 0, 0, 0, 0
gnat-bites29_jpg.rf.015e5d581715892b97ecb47d9d8639c9.jpg, 0, 0, 0, 0, 0, 0, 0, 1, 0, 0, 0, 0, 0, 0, 0, 0, 0, 0, 0, 0
Screenshot--54-_png.rf.017762a9be28c1837f28aa76f7d1f4db.jpg, 0, 0, 0, 0, 0, 0, 0, 0, 0, 0, 0, 0, 0, 0, 0, 0, 1, 0, 0, 0
Screen-Shot-2022-07-01-at-11-41-28-AM_png.rf.01a4e09c521ff8ef1c9284c93bfe5633.jpg, 0, 0, 0, 1, 0, 0, 0, 0, 0, 0, 0, 0, 0, 0, 0, 0, 0, 0, 0, 0
Screenshot--26-_png.rf.01a495f29a7837c84e0407387c6c2749.jpg, 0, 0, 0, 0, 0, 0, 0, 0, 0, 1, 0, 0, 0, 0, 0, 0, 0, 0, 0, 0
Screenshot--28-_png.rf.03a92f562eeb2fd1b7a656aa3709c7c8.jpg, 0, 0, 0, 0, 0, 0, 0, 0, 0, 1, 0, 0, 0, 0, 0, 0, 0, 0, 0, 0
Bites-1_jpg.rf.062013cb03000e2737d3458ffb48931c.jpg, 0, 1, 0, 0, 0, 0, 0, 0, 0, 0, 0, 0, 1, 0, 0, 1, 1, 0, 0, 1
Screenshot--71-_png.rf.06a29dd314ae8add85846b10fc385b49.jpg, 1, 0, 0, 0, 0, 0, 0, 0, 0, 0, 0, 0, 0, 0, 0, 0, 0, 0, 0, 0
IMG_3025_jpeg.rf.071fb18b466b72e68d71ad137119e1c1.jpg, 0, 0, 0, 0, 0, 0, 0, 0, 0, 0, 0, 0, 0, 0, 1, 0, 0, 0, 0, 0
Screenshot--75-_png.rf.08666c8cf2b8d4a62361c0e7098a825a.jpg, 1, 0, 0, 0, 0, 0, 0, 0, 0, 0, 0, 0, 0, 0, 0, 0, 0, 0, 0, 0
Screenshot--84-_png.rf.089e3d47cda2c2844befa10301beabc0.jpg, 1, 0, 0, 0, 0, 0, 0, 0, 0, 0, 0, 0, 0, 0, 0, 0, 0, 0, 0, 0
Screenshot--24-_png.rf.08aa91c7127c852c23ee5ae5f4d98f8d.jpg, 0, 0, 0, 0, 0, 0, 0, 0, 0, 0, 0, 0, 0, 0, 0, 1, 0, 0, 0, 0
IMG-3072_JPG.rf.090f9fdd4954fc8089620809676f4568.jpg, 0, 0, 0, 0, 0, 0, 0, 0, 0, 0, 0, 0, 0, 1, 0, 0, 0, 0, 0, 0
IMG-3082_JPG.rf.097ec883ddb015be8590834c46757983.jpg, 0, 0, 0, 0, 0, 0, 0, 0, 0, 0, 0, 0, 0, 1, 0, 0, 0, 0, 0, 0
Screenshot--24-_png.rf.09caa1e9aa7ba89dce44e428cfe80eec.jpg, 0, 0, 0, 0, 0, 0, 0, 0, 0, 1, 0, 0, 0, 0, 0, 0, 0, 0, 0, 0
gnat-bites23_jpg.rf.09dceb956e288f15eeebc20b2e162345.jpg, 0, 0, 0, 0, 0, 0, 0, 1, 0, 0, 0, 0, 0, 0, 0, 0, 0, 0, 0, 0
Screenshot--57-_png.rf.09e477242ee4408bf5f92437b0471945.jpg, 0, 0, 0, 0, 0, 0, 0, 0, 0, 0, 0, 0, 0, 0, 0, 0, 1, 0, 0, 0
yellow-jacket-bug-bites42_jpg.rf.0a7583c214f5138ec2a8489eb91a8663.jpg, 0, 0, 0, 0, 0, 0, 0, 0, 0, 0, 0, 0, 0, 0, 0, 0, 0, 0, 1, 0
Screenshot--72-_png.rf.0ac3c79659acc982f86615c6f2c60f9a.jpg, 1, 0, 0, 0, 0, 0, 0, 0, 0, 0, 0, 0, 0, 0, 0, 0, 0, 0, 0, 0
Screenshot--37-_png.rf.0b3871d76498ac80f5273cf306c388a0.jpg, 0, 0, 0, 0, 0, 0, 0, 0, 0, 0, 0, 0, 0, 0, 0, 0, 0, 1, 0, 0
Screenshot--9-_png.rf.0b48301d9be803950240ba5f831d935e.jpg, 0, 0, 0, 0, 0, 0, 0, 0, 1, 0, 0, 0, 0, 0, 0, 0, 0, 0, 0, 0
IMG_3033_jpeg.rf.0b927f263d729b94669ab92d91abe385.jpg, 0, 0, 0, 0, 0, 0, 0, 0, 0, 0, 0, 0, 0, 0, 1, 0, 0, 0, 0, 0
mite-10_jpg.rf.0092bebf68783a2b0a195182feec9980.jpg, 0, 0, 0, 0, 0, 0, 0, 0, 0, 0, 0, 1, 0, 0, 0, 0, 0, 0, 0, 0
IMG-3093_JPG.rf.0dd031b1cdf5243128497c433f411747.jpg, 0, 0, 0, 0, 0, 0, 1, 0, 0, 0, 0, 0, 0, 0, 0, 0, 0, 0, 0, 0
IMG-3121_JPG.rf.04f8b4f6e3bda8e9e290e41a264262f4.jpg, 0, 0, 0, 0, 0, 0, 0, 0, 0, 0, 1, 0, 0, 0, 0, 0, 0, 0, 0, 0
unnamed--1-_jpg.rf.0dd941d005ce65c1e2786589995d30ca.jpg, 0, 0, 0, 0, 0, 0, 0, 0, 0, 0, 0, 0, 0, 0, 1, 0, 0, 0, 0, 0
IMG-3119_JPG.rf.0ef105ecc09b67ee42f2a3ee31674789.jpg, 0, 0, 0, 0, 0, 0, 0, 0, 0, 0, 1, 0, 0, 0, 0, 0, 0, 0, 0, 0
Screenshot--75-_png.rf.073f734c8b8c2f60d74b980021d954fa.jpg, 1, 0, 0, 0, 0, 0, 0, 0, 0, 0, 0, 0, 0, 0, 0, 0, 0, 0, 0, 0
IMG-3096_jpg.rf.0fbc1af06a46c1698116d02077d9acce.jpg, 0, 0, 0, 0, 0, 0, 1, 0, 0, 0, 0, 0, 0, 0, 0, 0, 0, 0, 0, 0
gnat-bites67_jpg.rf.02cfc693b59dbb7ee1a0b43aa746d063.jpg, 0, 0, 0, 0, 0, 0, 0, 1, 0, 0, 0, 0, 0, 0, 0, 0, 0, 0, 0, 0
Screenshot--15-_png.rf.0fd718e0dd304158e82f19867edeb367.jpg, 0, 0, 0, 0, 0, 0, 0, 0, 1, 0, 0, 0, 0, 0, 0, 0, 0, 0, 0, 0
Screenshot--39-_png.rf.10be5fb25182f51ea6e779cc03090e25.jpg, 0, 0, 0, 0, 0, 0, 0, 0, 0, 0, 0, 0, 0, 0, 0, 0, 0, 1, 0, 0
IMG-3093_JPG.rf.112b569cf009f91d97a822dd5a6aa138.jpg, 0, 0, 0, 0, 0, 0, 1, 0, 0, 0, 0, 0, 0, 0, 0, 0, 0, 0, 0, 0
gnat-bites75_jpg.rf.11a2113b2b329d5eb915304508ce97a5.jpg, 0, 0, 0, 0, 0, 0, 0, 1, 0, 0, 0, 0, 0, 0, 0, 0, 0, 0, 0, 0
mite-3_jpg.rf.11e14d92771865485fa1e3530ba43381.jpg, 0, 0, 0, 0, 0, 0, 0, 0, 0, 0, 0, 1, 0, 0, 0, 0, 0, 0, 0, 0
Screenshot--84-_png.rf.11e5aba750837a7edb1fc125f6dc24ec.jpg, 1, 0, 0, 0, 0, 0, 0, 0, 0, 0, 0, 0, 0, 0, 0, 0, 0, 0, 0, 0
fire-ant-3_jpg.rf.11e7e5c8270aa3e18d64f26d6ecaae3a.jpg, 0, 0, 0, 0, 0, 1, 0, 0, 0, 0, 0, 0, 0, 0, 0, 0, 0, 0, 0, 0
Screen-Shot-2022-07-01-at-11-39-42-AM_png.rf.126e1197022a462734ecb5809a303d0a.jpg, 0, 0, 0, 1, 0, 0, 0, 0, 0, 0, 0, 0, 0, 0, 0, 0, 0, 0, 0, 0
Screenshot--36-_png.rf.12eb9cf120712a5898ec8d4a6da988e6.jpg, 0, 0, 0, 0, 0, 0, 0, 0, 0, 1, 0, 0, 0, 0, 0, 0, 0, 0, 0, 0
IMG-3096_jpg.rf.1359d5f62413d0b420c3f6fa051a2cc1.jpg, 0, 0, 0, 0, 0, 0, 1, 0, 0, 0, 0, 0, 0, 0, 0, 0, 0, 0, 0, 0
gnat-bites43_jpg.rf.041b2e5b947c6d05b14b84933c6590cc.jpg, 0, 0, 0, 0, 0, 0, 0, 1, 0, 0, 0, 0, 0, 0, 0, 0, 0, 0, 0, 0
IMG-3116_JPG.rf.13d27169c3c220a3bf9c55001286f755.jpg, 0, 0, 0, 0, 0, 0, 0, 0, 0, 0, 1, 0, 0, 0, 0, 0, 0, 0, 0, 0
yellow-jacket-bug-bites89_jpg.rf.1453b207fc6af8d73360a307c7520f1b.jpg, 0, 0, 0, 0, 0, 0, 0, 0, 0, 0, 0, 0, 0, 0, 0, 0, 0, 0, 1, 0
gnat-bites1_jpg.rf.146e8653e7b589d11ada114a2767656f.jpg, 0, 0, 0, 0, 0, 0, 0, 1, 0, 0, 0, 0, 0, 0, 0, 0, 0, 0, 0, 0
Screenshot--24-_png.rf.1620f3a9328d5f239d1a95682698569d.jpg, 0, 0, 0, 0, 0, 0, 0, 0, 0, 0, 0, 0, 0, 0, 0, 1, 0, 0, 0, 0
mite-2_jpg.rf.1667f77579b2131383e0286ddadef3de.jpg, 0, 0, 0, 0, 0, 0, 0, 0, 0, 0, 0, 1, 0, 0, 0, 0, 0, 0, 0, 0
IMG-3095_jpg.rf.168bcb0ee56349f3e90eaee1b86b4573.jpg, 0, 0, 0, 0, 0, 0, 1, 0, 0, 0, 0, 0, 0, 0, 0, 0, 0, 0, 0, 0
Screenshot--17-_png.rf.170aec0a17ffc104289562cc70a051b1.jpg, 0, 0, 0, 0, 0, 0, 0, 0, 0, 0, 0, 0, 1, 0, 0, 0, 0, 0, 0, 0
Screenshot--54-_png.rf.175c9ae0792f2b99f2b52d3b0876abfd.jpg, 0, 0, 0, 0, 0, 0, 0, 0, 0, 0, 0, 0, 0, 0, 0, 0, 1, 0, 0, 0
IMG-3082_JPG.rf.17fabeb7865088e70c1bf689581c4c2b.jpg, 0, 0, 0, 0, 0, 0, 0, 0, 0, 0, 0, 0, 0, 1, 0, 0, 0, 0, 0, 0
IMG-3076_JPG.rf.18e5cbcd088c7c46fb5093c0c33e7e1f.jpg, 0, 0, 0, 0, 0, 0, 0, 0, 0, 0, 0, 0, 0, 1, 0, 0, 0, 0, 0, 0
Screenshot--51-_png.rf.194e4a9555ad1b33f92d900a1f4ac1fa.jpg, 0, 0, 0, 0, 0, 0, 0, 0, 0, 0, 0, 0, 0, 0, 0, 0, 1, 0, 0, 0
IMG_3039_jpeg.rf.1c189870108e6de28c6a568565d860a5.jpg, 0, 0, 0, 0, 0, 0, 0, 0, 0, 0, 0, 0, 0, 0, 1, 0, 0, 0, 0, 0
gnat-bites89_jpg.rf.1c3ac569a4f98d4014d3ab99c2d55911.jpg, 0, 0, 0, 0, 0, 0, 0, 1, 0, 0, 0, 0, 0, 0, 0, 0, 0, 0, 0, 0
gnat-bites49_jpg.rf.1c8fdf0a49bf0dfbb696389084c47a3a.jpg, 0, 0, 0, 0, 0, 0, 0, 1, 0, 0, 0, 0, 0, 0, 0, 0, 0, 0, 0, 0
Screenshot--31-_png.rf.1e41d09ec63b63dd4c26d73ff04408ad.jpg, 0, 0, 0, 0, 0, 0, 0, 0, 0, 0, 0, 0, 0, 0, 0, 1, 0, 0, 0, 0
Screenshot--17-_png.rf.1e8477a10a5db11edc017598bce0e76e.jpg, 0, 0, 0, 0, 0, 0, 0, 0, 0, 1, 0, 0, 0, 0, 0, 0, 0, 0, 0, 0
IMG-3078_JPG.rf.2080e493d4a222f74c30a3d8e7bffbfe.jpg, 0, 0, 0, 0, 0, 0, 0, 0, 0, 0, 0, 0, 0, 1, 0, 0, 0, 0, 0, 0
IMG-3076_JPG.rf.0bbfd34060f3e66fd83df0347526b604.jpg, 0, 0, 0, 0, 0, 0, 0, 0, 0, 0, 0, 0, 0, 1, 0, 0, 0, 0, 0, 0
512px-Bienenstich_25a_jpg.rf.211fbf5d5b80dbedbc2b23ebef680e8d.jpg, 0, 1, 0, 0, 0, 0, 0, 0, 0, 0, 0, 0, 0, 0, 0, 0, 0, 0, 0, 0
Screenshot--72-_png.rf.21506365872ecb7a2d83dea4876379b5.jpg, 1, 0, 0, 0, 0, 0, 0, 0, 0, 0, 0, 0, 0, 0, 0, 0, 0, 0, 0, 0
Screenshot--44-_png.rf.13a8fddec55fbdb9c25e7eff881e11ad.jpg, 0, 0, 0, 0, 0, 0, 0, 0, 0, 0, 0, 0, 0, 0, 0, 0, 0, 1, 0, 0
Screen-Shot-2022-07-01-at-11-36-08-AM_png.rf.216a25860aad3fc2d0a2dd507e2829ac.jpg, 0, 0, 0, 1, 0, 0, 0, 0, 0, 0, 0, 0, 0, 0, 0, 0, 0, 0, 0, 0
Screenshot--24-_png.rf.224448a0186c09eb699c2138a5834133.jpg, 0, 0, 0, 0, 0, 0, 0, 0, 0, 0, 0, 0, 0, 0, 0, 1, 0, 0, 0, 0
fire-ant-bite-1_jpg.rf.21a1c720cb8ad39e464c4fa2992c569a.jpg, 0, 0, 0, 0, 0, 1, 0, 0, 0, 0, 0, 0, 0, 0, 0, 0, 0, 0, 0, 0
Screenshot--80-_png.rf.225e54c49312c98adfe3f185f7007471.jpg, 1, 0, 0, 0, 0, 0, 0, 0, 0, 0, 0, 0, 0, 0, 0, 0, 0, 0, 0, 0
IMG-3121_JPG.rf.23bc90cb08e1d42647da432d94669ed8.jpg, 0, 0, 0, 0, 0, 0, 0, 0, 0, 0, 1, 0, 0, 0, 0, 0, 0, 0, 0, 0
Screen-Shot-2022-07-01-at-11-36-43-AM_png.rf.2441436c7fe71afd08db4def575f5426.jpg, 0, 0, 0, 1, 0, 0, 0, 0, 0, 0, 0, 0, 0, 0, 0, 0, 0, 0, 0, 0
Screenshot--19-_png.rf.251e08ad3bbfec769d447217ab672917.jpg, 0, 0, 0, 0, 0, 0, 0, 0, 0, 1, 0, 0, 0, 0, 0, 0, 0, 0, 0, 0
Bites-1_jpg.rf.25a61ee6db812043647accc93b8bbe10.jpg, 0, 1, 0, 0, 0, 0, 0, 0, 0, 0, 0, 0, 1, 0, 0, 1, 1, 0, 0, 1
gnat-bites91_jpg.rf.2664fd9bf9c321d77d68b5c4fedeec3f.jpg, 0, 0, 0, 0, 0, 0, 0, 1, 0, 0, 0, 0, 0, 0, 0, 0, 0, 0, 0, 0
Screenshot--79-_png.rf.26aafff8ebdfe965252899c163cc9fed.jpg, 1, 0, 0, 0, 0, 0, 0, 0, 0, 0, 0, 0, 0, 0, 0, 0, 0, 0, 0, 0
Screenshot--4-_png.rf.0c060294883276b1f0c76cadc9dfc40b.jpg, 0, 0, 0, 0, 0, 0, 0, 0, 1, 0, 0, 0, 0, 0, 0, 0, 0, 0, 0, 0
istock_000001710684medium_mosquito-bite_jpg.rf.0a1531715038a51569e38d15f36ca301.jpg, 0, 1, 0, 0, 0, 0, 0, 0, 0, 0, 0, 0, 0, 0, 0, 0, 0, 0, 0, 0
gnat-bites20_jpg.rf.2756851b0c47cebe27473512c56f19f0.jpg, 0, 0, 0, 0, 0, 0, 0, 1, 0, 0, 0, 0, 0, 0, 0, 0, 0, 0, 0, 0
Screenshot--57-_png.rf.275e59be6b24489a77b565dc57babf1d.jpg, 0, 0, 0, 0, 0, 0, 0, 0, 0, 0, 0, 0, 0, 0, 0, 0, 1, 0, 0, 0
Screen-Shot-2022-07-01-at-11-15-48-AM_png.rf.27d3552c1b6138072cc3bfa7e34746d1.jpg, 0, 0, 0, 0, 0, 0, 0, 1, 0, 0, 0, 0, 0, 0, 0, 0, 0, 0, 0, 0
Screenshot--25-_png.rf.0f359fcfaeee64b2934fb4b9f502e646.jpg, 0, 0, 0, 0, 0, 0, 0, 0, 0, 1, 0, 0, 0, 0, 0, 0, 0, 0, 0, 0
IMG-3115_JPG.rf.187231d01f0c5f2f8f4429006f2cbdf3.jpg, 0, 0, 0, 0, 0, 0, 0, 0, 0, 0, 1, 0, 0, 0, 0, 0, 0, 0, 0, 0
mite-1_jpg.rf.1e93c34aa9fdbb9cad9fae696cda846d.jpg, 0, 0, 0, 0, 0, 0, 0, 0, 0, 0, 0, 1, 0, 0, 0, 0, 0, 0, 0, 0
gnat-bites68_jpg.rf.293aae566d8531cfd3eb8972e514b5e0.jpg, 0, 0, 0, 0, 0, 0, 0, 1, 0, 0, 0, 0, 0, 0, 0, 0, 0, 0, 0, 0
IMG-3096_jpg.rf.29ab9caa49509bfd9f167d3cb91191ad.jpg, 0, 0, 0, 0, 0, 0, 1, 0, 0, 0, 0, 0, 0, 0, 0, 0, 0, 0, 0, 0
beetle-9_jpg.rf.2a3db20d31449c34ff952d4309a83b61.jpg, 0, 0, 1, 0, 0, 0, 0, 0, 0, 0, 0, 0, 0, 0, 0, 0, 0, 0, 0, 0
beetle-7_jpg.rf.2a5c3de3961c3a685f074a1da04ef897.jpg, 0, 0, 1, 0, 0, 0, 0, 0, 0, 0, 0, 0, 0, 0, 0, 0, 0, 0, 0, 0
gnat-bites29_jpg.rf.2a6953ceda010c0b19fd32518ca78a09.jpg, 0, 0, 0, 0, 0, 0, 0, 1, 0, 0, 0, 0, 0, 0, 0, 0, 0, 0, 0, 0
mite-1_jpg.rf.158c30024ad308e98ded1fee4cfc3ca4.jpg, 0, 0, 0, 0, 0, 0, 0, 0, 0, 0, 0, 1, 0, 0, 0, 0, 0, 0, 0, 0
unnamed_jpg.rf.2adc8e9698dae627e835f7c9a3259a37.jpg, 0, 0, 0, 0, 0, 0, 0, 0, 0, 0, 0, 0, 0, 0, 1, 0, 0, 0, 0, 0
Screenshot--13-_png.rf.2b1ea4999f7e93a2a799eb67f9988be9.jpg, 0, 0, 0, 0, 0, 0, 0, 0, 1, 0, 0, 0, 0, 0, 0, 0, 0, 0, 0, 0
yellow-jacket-bug-bites26_jpg.rf.2c5ffbd42bd35d16279ac87c1aac9534.jpg, 0, 0, 0, 0, 0, 0, 0, 0, 0, 0, 0, 0, 0, 0, 0, 0, 0, 0, 1, 0
Bites-1_jpg.rf.166acf01bff140bdc218a938d08d2dc3.jpg, 0, 1, 0, 0, 0, 0, 0, 0, 0, 0, 0, 0, 1, 0, 0, 1, 1, 0, 0, 1
th--2-_jpeg.rf.20b97de7575de7309b09ee9e6476fcff.jpg, 0, 0, 0, 0, 0, 0, 0, 0, 0, 0, 0, 0, 0, 0, 0, 0, 0, 0, 1, 0
IMG-3089_JPG.rf.2c786ea495a4cedaf00389ebbae5642c.jpg, 0, 0, 0, 0, 0, 0, 1, 0, 0, 0, 0, 0, 0, 0, 0, 0, 0, 0, 0, 0
Screenshot--17-_png.rf.2d1dedf0c00321a5099301a6527e74b0.jpg, 0, 0, 0, 0, 0, 0, 0, 0, 0, 1, 0, 0, 0, 0, 0, 0, 0, 0, 0, 0
Screenshot--42-_png.rf.2d4c14de780f4966dd61415f1cdcb232.jpg, 0, 0, 0, 0, 0, 0, 0, 0, 0, 0, 0, 0, 0, 0, 0, 0, 0, 1, 0, 0
yellow-jacket-bug-bites42_jpg.rf.2e222f96da0f0678c84c6d9e946e83dc.jpg, 0, 0, 0, 0, 0, 0, 0, 0, 0, 0, 0, 0, 0, 0, 0, 0, 0, 0, 1, 0
Screen-Shot-2022-07-01-at-11-15-20-AM_png.rf.2e5e933584ae13462b2edcc05bc8c92b.jpg, 0, 0, 0, 0, 0, 0, 0, 1, 0, 0, 0, 0, 0, 0, 0, 0, 0, 0, 0, 0
IMG-3111_JPG.rf.2e7e8a1d44b4a81cb84525ed65860678.jpg, 0, 0, 0, 0, 0, 0, 0, 0, 0, 0, 1, 0, 0, 0, 0, 0, 0, 0, 0, 0
Screen-Shot-2022-07-01-at-11-24-11-AM_png.rf.2e8ee40dac1a0f94ef5baba0f3a0e163.jpg, 0, 0, 0, 0, 0, 0, 0, 1, 0, 0, 0, 0, 0, 0, 0, 0, 0, 0, 0, 0
unnamed_jpg.rf.2f7d2b7b3ff18376d93bc63eeab90487.jpg, 0, 0, 0, 0, 0, 0, 0, 0, 0, 0, 0, 0, 0, 0, 1, 0, 0, 0, 0, 0
fire-ant-7_jpg.rf.17f492cf65a09b4786092ea8129c827a.jpg, 0, 0, 0, 0, 0, 1, 0, 0, 0, 0, 0, 0, 0, 0, 0, 0, 0, 0, 0, 0
gnat-bites34_jpg.rf.2fc22679e6950a6d30054da630cd3831.jpg, 0, 0, 0, 0, 0, 0, 0, 1, 0, 0, 0, 0, 0, 0, 0, 0, 0, 0, 0, 0
yellow-jacket-bug-bites89_jpg.rf.2feb6f8c3bd470bc72db298bdc89d612.jpg, 0, 0, 0, 0, 0, 0, 0, 0, 0, 0, 0, 0, 0, 0, 0, 0, 0, 0, 1, 0
Screen-Shot-2022-07-01-at-11-24-35-AM_png.rf.3047c84d275b45861c1a758daed2cfe2.jpg, 0, 0, 0, 0, 0, 0, 0, 1, 0, 0, 0, 0, 0, 0, 0, 0, 0, 0, 0, 0
IMG-3074_JPG.rf.19f14bbecd9855872317de6eeff2011d.jpg, 0, 0, 0, 0, 0, 0, 0, 0, 0, 0, 0, 0, 0, 1, 0, 0, 0, 0, 0, 0
Screen-Shot-2022-07-01-at-11-04-33-AM_png.rf.308cf5beece0b6c9387f72a7cb9b4d0b.jpg, 0, 1, 0, 0, 0, 0, 0, 0, 0, 0, 0, 0, 0, 0, 0, 0, 0, 0, 0, 0
yellow-jacket-bug-bites26_jpg.rf.2135e3e42ec5e22f8742c83933c0cafe.jpg, 0, 0, 0, 0, 0, 0, 0, 0, 0, 0, 0, 0, 0, 0, 0, 0, 0, 0, 1, 0
Screenshot--42-_png.rf.317d5eb2e7ce95033a2cc9efece06cce.jpg, 0, 0, 0, 0, 0, 0, 0, 0, 0, 0, 0, 0, 0, 0, 0, 0, 0, 1, 0, 0
beetle-14_jpg.rf.32ba4f6fa6caea024081e9ba241920d2.jpg, 0, 0, 1, 0, 0, 0, 0, 0, 0, 0, 0, 0, 0, 0, 0, 0, 0, 0, 0, 0
Screenshot--35-_png.rf.32f27d0fe8c2a40cdb2313e7f5ff79ab.jpg, 0, 0, 0, 0, 0, 0, 0, 0, 1, 0, 0, 0, 0, 0, 0, 0, 0, 0, 0, 0
Screenshot--34-_png.rf.319b830cd52795f06a8f1eda27c583e0.jpg, 0, 0, 0, 0, 0, 0, 0, 0, 0, 0, 0, 0, 0, 0, 0, 1, 0, 0, 0, 0
IMG_3031_jpeg.rf.33083a2e2560fc15d307d980a158e360.jpg, 0, 0, 0, 0, 0, 0, 0, 0, 0, 0, 0, 0, 0, 0, 1, 0, 0, 0, 0, 0
Screen-Shot-2022-07-01-at-11-05-20-AM_png.rf.26b3858340dd3d14ef953b7856be2145.jpg, 0, 1, 0, 0, 0, 0, 0, 0, 0, 0, 0, 0, 0, 0, 0, 0, 0, 0, 0, 0
Screenshot--15-_png.rf.3312756840c17bf3f1faa1c268a68090.jpg, 0, 0, 0, 0, 0, 0, 0, 0, 0, 0, 0, 0, 1, 0, 0, 0, 0, 0, 0, 0
yellow-jacket-bug-bites4_jpg.rf.337884debd1ac7506a0e443492e800c1.jpg, 0, 0, 0, 0, 0, 0, 0, 0, 0, 0, 0, 0, 0, 0, 0, 0, 0, 0, 1, 0
IMG-3072_JPG.rf.344c8b80c9177c4d878a771c7bfa6390.jpg, 0, 0, 0, 0, 0, 0, 0, 0, 0, 0, 0, 0, 0, 1, 0, 0, 0, 0, 0, 0
Screenshot--16-_png.rf.368108a9c1f3013809b3e29c08a2dfbb.jpg, 0, 0, 0, 0, 0, 0, 0, 0, 0, 0, 0, 0, 1, 0, 0, 0, 0, 0, 0, 0
IMG-3080_jpg.rf.36b26066ec28d35ec15d0cc1bf9b53ea.jpg, 0, 0, 0, 0, 0, 0, 0, 0, 0, 0, 0, 0, 0, 1, 0, 0, 0, 0, 0, 0
gnat-bites24_jpg.rf.340448410f68e1062a57da8605d7de7b.jpg, 0, 0, 0, 0, 0, 0, 0, 1, 0, 0, 0, 0, 0, 0, 0, 0, 0, 0, 0, 0
Screenshot--29-_png.rf.38659ed6b0f7ad9fc8c7665651c43186.jpg, 0, 0, 0, 0, 0, 0, 0, 0, 0, 0, 0, 0, 0, 0, 0, 1, 0, 0, 0, 0
beetle-14_jpg.rf.38674d07116a6371d722c51502f3195a.jpg, 0, 0, 1, 0, 0, 0, 0, 0, 0, 0, 0, 0, 0, 0, 0, 0, 0, 0, 0, 0
IMG_3038_jpeg.rf.112d942d87c4488b9f845b89ea217f4d.jpg, 0, 0, 0, 0, 0, 0, 0, 0, 0, 0, 0, 0, 0, 0, 1, 0, 0, 0, 0, 0
IMG_3030_jpeg.rf.388233e23bc48d64815c3c5d9d1a58d8.jpg, 0, 0, 0, 0, 0, 0, 0, 0, 0, 0, 0, 0, 0, 0, 1, 0, 0, 0, 0, 0
Screenshot--8-_png.rf.38be1316041c4ace7bb71733399bf556.jpg, 0, 0, 0, 0, 0, 0, 0, 0, 1, 0, 0, 0, 0, 0, 0, 0, 0, 0, 0, 0
Screenshot--25-_png.rf.3d4a8afe0037c20d0efd07936e4b80a4.jpg, 0, 0, 0, 0, 0, 0, 0, 0, 0, 0, 0, 0, 0, 0, 0, 1, 0, 0, 0, 0
Screen-Shot-2022-07-01-at-11-24-35-AM_png.rf.3e1a328b0deb8fa8bdbc0e8632f37e45.jpg, 0, 0, 0, 0, 0, 0, 0, 1, 0, 0, 0, 0, 0, 0, 0, 0, 0, 0, 0, 0
IMG-3082_JPG.rf.3f94a44daf8e7d1a612b21c791850fe7.jpg, 0, 0, 0, 0, 0, 0, 0, 0, 0, 0, 0, 0, 0, 1, 0, 0, 0, 0, 0, 0
Screenshot--6-_png.rf.27fbb31a8e4f95392761e1b42338c665.jpg, 0, 0, 0, 0, 0, 0, 0, 0, 1, 0, 0, 0, 0, 0, 0, 0, 0, 0, 0, 0
Screenshot--28-_png.rf.40d49f5ab54f01f8a9fd020d0eee3023.jpg, 0, 0, 0, 0, 0, 0, 0, 0, 0, 0, 0, 0, 0, 0, 0, 1, 0, 0, 0, 0
IMG-3120_JPG.rf.4132d3cd76ba7617c5d5431318a9a44b.jpg, 0, 0, 0, 0, 0, 0, 0, 0, 0, 0, 1, 0, 0, 0, 0, 0, 0, 0, 0, 0
beetle-12_jpg.rf.41b3db3af6a1e74d68981c8d3916c7df.jpg, 0, 0, 1, 0, 0, 0, 0, 0, 0, 0, 0, 0, 0, 0, 0, 0, 0, 0, 0, 0
gnat-bites91_jpg.rf.41d6c71f1bf8328aeb40fb8eed1d0236.jpg, 0, 0, 0, 0, 0, 0, 0, 1, 0, 0, 0, 0, 0, 0, 0, 0, 0, 0, 0, 0
Screenshot--36-_png.rf.42b06dde7382d9dee0872d592c72d50c.jpg, 0, 0, 0, 0, 0, 0, 0, 0, 0, 1, 0, 0, 0, 0, 0, 0, 0, 0, 0, 0
mite-4_jpg.rf.438b1189b425f36d4c1426d49b3520ae.jpg, 0, 0, 0, 0, 0, 0, 0, 0, 0, 0, 0, 1, 0, 0, 0, 0, 0, 0, 0, 0
beetle-8_jpg.rf.43f041cc5b902a00ed8c6a020c7f6c45.jpg, 0, 0, 1, 0, 0, 0, 0, 0, 0, 0, 0, 0, 0, 0, 0, 0, 0, 0, 0, 0
IMG-3112_JPG.rf.43f4431dae84e40ab084ceae73ceb511.jpg, 0, 0, 0, 0, 0, 0, 0, 0, 0, 0, 1, 0, 0, 0, 0, 0, 0, 0, 0, 0
gnat-bites57_jpg.rf.4402da8604964390578fa8f91cef042f.jpg, 0, 0, 0, 0, 0, 0, 0, 1, 0, 0, 0, 0, 0, 0, 0, 0, 0, 0, 0, 0
IMG-3116_JPG.rf.4446be4aaedbb5e776124ff1eb275a32.jpg, 0, 0, 0, 0, 0, 0, 0, 0, 0, 0, 1, 0, 0, 0, 0, 0, 0, 0, 0, 0
Screenshot--29-_png.rf.4521caa2ccd657d232e296765096bca1.jpg, 0, 0, 0, 0, 0, 0, 0, 0, 0, 1, 0, 0, 0, 0, 0, 0, 0, 0, 0, 0
Screenshot--38-_png.rf.46af0b817ef652e9215d472835c2a79a.jpg, 0, 0, 0, 0, 0, 0, 0, 0, 0, 0, 0, 0, 0, 0, 0, 0, 0, 1, 0, 0
Screenshot--41-_png.rf.46f91abe9bfa5616b98d4ca13034f4e5.jpg, 0, 0, 0, 0, 0, 0, 0, 0, 0, 0, 0, 0, 0, 0, 0, 0, 0, 1, 0, 0
IMG-3116_JPG.rf.4786010ce60e5c88219626419590fc3c.jpg, 0, 0, 0, 0, 0, 0, 0, 0, 0, 0, 1, 0, 0, 0, 0, 0, 0, 0, 0, 0
gnat-bites23_jpg.rf.28441145c7ff8e1f9fe4690cefabf297.jpg, 0, 0, 0, 0, 0, 0, 0, 1, 0, 0, 0, 0, 0, 0, 0, 0, 0, 0, 0, 0
Screenshot--22-_png.rf.49235bb7af5b9720ee6611d0173b2d57.jpg, 0, 0, 0, 0, 0, 0, 0, 0, 0, 1, 0, 0, 0, 0, 0, 0, 0, 0, 0, 0
gnat-bites57_jpg.rf.358d59be156e5bea85808d0122b0280b.jpg, 0, 0, 0, 0, 0, 0, 0, 1, 0, 0, 0, 0, 0, 0, 0, 0, 0, 0, 0, 0
Screenshot--17-_png.rf.4ac42a8cb122c16e5aeb0f9afa10f46f.jpg, 0, 0, 0, 0, 0, 0, 0, 0, 0, 0, 0, 0, 1, 0, 0, 0, 0, 0, 0, 0
Screenshot--11-_png.rf.34b0c13c39ae31dc01a52f6a1d428f4a.jpg, 0, 0, 0, 0, 0, 0, 0, 0, 1, 0, 0, 0, 0, 0, 0, 0, 0, 0, 0, 0
Screenshot--38-_png.rf.4cfc7baf1c70e696bb0f9ce8a7a91fae.jpg, 0, 0, 0, 0, 0, 0, 0, 0, 0, 0, 0, 0, 0, 0, 0, 0, 0, 1, 0, 0
Screenshot--27-_png.rf.4dd9b280991af2fb6902f2da6b033a6c.jpg, 0, 0, 0, 0, 0, 0, 0, 0, 0, 0, 0, 0, 0, 0, 0, 1, 0, 0, 0, 0
th--7-_jpeg.rf.4f08114f95687c135c3c43292ee3244a.jpg, 0, 0, 0, 0, 1, 0, 0, 0, 0, 0, 0, 0, 0, 0, 0, 0, 0, 0, 0, 0
gnat-bites68_jpg.rf.4fdf2e9016eac58b7404ae5d708f8454.jpg, 0, 0, 0, 0, 0, 0, 0, 1, 0, 0, 0, 0, 0, 0, 0, 0, 0, 0, 0, 0
Screen-Shot-2022-07-01-at-11-03-07-AM_png.rf.51412dc129ad7619e3287f9a99d2ac37.jpg, 0, 1, 0, 0, 0, 0, 0, 0, 0, 0, 0, 0, 0, 0, 0, 0, 0, 0, 0, 0
Screenshot--75-_png.rf.5131cb319d57b17f4e29df91cb9fee3e.jpg, 1, 0, 0, 0, 0, 0, 0, 0, 0, 0, 0, 0, 0, 0, 0, 0, 0, 0, 0, 0
IMG-3117_JPG.rf.50a884984aaf6bee4d1d6ad3d9c059cb.jpg, 0, 0, 0, 0, 0, 0, 0, 0, 0, 0, 1, 0, 0, 0, 0, 0, 0, 0, 0, 0
unnamed--1-_jpg.rf.51b68454811b0709072a96b112862881.jpg, 0, 0, 0, 0, 0, 0, 0, 0, 0, 0, 0, 0, 0, 0, 1, 0, 0, 0, 0, 0
Screenshot--79-_png.rf.51ef4714afb5008a097535ee9f63d0a2.jpg, 1, 0, 0, 0, 0, 0, 0, 0, 0, 0, 0, 0, 0, 0, 0, 0, 0, 0, 0, 0
beetle-3_jpg.rf.529a07abdfa5dbe1da1451da2dc9b467.jpg, 0, 0, 1, 0, 0, 0, 0, 0, 0, 0, 0, 0, 0, 0, 0, 0, 0, 0, 0, 0
Screenshot--4-_png.rf.1e6e9f5d3745f2b41d7bbb77cc52dd45.jpg, 0, 0, 0, 0, 0, 0, 0, 0, 1, 0, 0, 0, 0, 0, 0, 0, 0, 0, 0, 0
mite-2_jpg.rf.52bd3db157a270e4e598f71c6be6731e.jpg, 0, 0, 0, 0, 0, 0, 0, 0, 0, 0, 0, 1, 0, 0, 0, 0, 0, 0, 0, 0
gnat-bites24_jpg.rf.52ace3666d80d1d4af4a272a804660ec.jpg, 0, 0, 0, 0, 0, 0, 0, 1, 0, 0, 0, 0, 0, 0, 0, 0, 0, 0, 0, 0
Screenshot--84-_png.rf.52e5171a75223aff1be4c434ef90bc16.jpg, 1, 0, 0, 0, 0, 0, 0, 0, 0, 0, 0, 0, 0, 0, 0, 0, 0, 0, 0, 0
gnat-bites79_jpg.rf.53c141880f2f29678f3f2b6a423fa6bb.jpg, 0, 0, 0, 0, 0, 0, 0, 1, 0, 0, 0, 0, 1, 0, 0, 1, 0, 0, 0, 0
gnat-bites48_jpg.rf.3f9ee14423d015909525634c8d81b355.jpg, 0, 0, 0, 0, 0, 0, 0, 1, 0, 0, 0, 0, 0, 0, 0, 0, 0, 0, 0, 0
Screenshot--74-_png.rf.5425e609af4ac2faf1bcbe8465a7977d.jpg, 1, 0, 0, 0, 0, 0, 0, 0, 0, 0, 0, 0, 0, 0, 0, 0, 0, 0, 0, 0
gnat-bites42_jpg.rf.5496d5dbbca70641854b2b238cf9e0b4.jpg, 0, 0, 0, 0, 0, 0, 0, 1, 0, 0, 0, 0, 0, 0, 0, 0, 0, 0, 0, 0
Screenshot--16-_png.rf.54f603e7731b518c74415923b05e5115.jpg, 0, 0, 0, 0, 0, 0, 0, 0, 0, 0, 0, 0, 1, 0, 0, 0, 0, 0, 0, 0
IMG-3111_JPG.rf.55fdbb22cd90544573582cd656e85bb0.jpg, 0, 0, 0, 0, 0, 0, 0, 0, 0, 0, 1, 0, 0, 0, 0, 0, 0, 0, 0, 0
Screenshot--14-_png.rf.56137faf7d2143f4c36f8878f40c4c12.jpg, 0, 0, 0, 0, 0, 0, 0, 0, 0, 0, 0, 0, 1, 0, 0, 0, 0, 0, 0, 0
mite-4_jpg.rf.5755d72d5c1df7655eade85d1d0eabb8.jpg, 0, 0, 0, 0, 0, 0, 0, 0, 0, 0, 0, 1, 0, 0, 0, 0, 0, 0, 0, 0
Screen-Shot-2022-07-01-at-11-24-11-AM_png.rf.572e7db3ddc670c081da16a9828811d3.jpg, 0, 0, 0, 0, 0, 0, 0, 1, 0, 0, 0, 0, 0, 0, 0, 0, 0, 0, 0, 0
beetle-14_jpg.rf.575c1554e3cf54f2190fb3c64a3da965.jpg, 0, 0, 1, 0, 0, 0, 0, 0, 0, 0, 0, 0, 0, 0, 0, 0, 0, 0, 0, 0
Screenshot--79-_png.rf.419e239a5c4db01b64f8ce33645426fb.jpg, 1, 0, 0, 0, 0, 0, 0, 0, 0, 0, 0, 0, 0, 0, 0, 0, 0, 0, 0, 0
Screenshot--9-_png.rf.5881993c452cc4d0d3699f0e14b42d08.jpg, 0, 0, 0, 0, 0, 0, 0, 0, 0, 0, 0, 0, 1, 0, 0, 0, 0, 0, 0, 0
IMG-3079_JPG.rf.588a9f870d2a8c9129a437ca77b33efa.jpg, 0, 0, 0, 0, 0, 0, 0, 0, 0, 0, 0, 0, 0, 1, 0, 0, 0, 0, 0, 0
beetle-13_jpg.rf.592f1243675f81d385d15a61fc77fd28.jpg, 0, 0, 1, 0, 0, 0, 0, 0, 0, 0, 0, 0, 0, 0, 0, 0, 0, 0, 0, 0
Screenshot--9-_png.rf.5955ef480e2990bb2f2b50c7a7e567d2.jpg, 0, 0, 0, 0, 0, 0, 0, 0, 1, 0, 0, 0, 0, 0, 0, 0, 0, 0, 0, 0
Screenshot--35-_png.rf.369e195fba011816e110228d0c963192.jpg, 0, 0, 0, 0, 0, 0, 0, 0, 0, 0, 0, 0, 0, 0, 0, 0, 0, 1, 0, 0
yellow-jacket-bug-bites77_jpg.rf.4a787efbc294d5d6d7154945a573c64c.jpg, 0, 0, 0, 0, 0, 0, 0, 0, 0, 0, 0, 0, 0, 0, 0, 0, 0, 0, 1, 0
Screenshot--37-_png.rf.59a17c0b63e06bbc000cd4bfb9efcbd3.jpg, 0, 0, 0, 0, 0, 0, 0, 0, 0, 0, 0, 0, 0, 0, 0, 0, 0, 1, 0, 0
Screen-Shot-2022-07-01-at-11-36-08-AM_png.rf.5af40fe980b825456e0c8a06fe116129.jpg, 0, 0, 0, 1, 0, 0, 0, 0, 0, 0, 0, 0, 0, 0, 0, 0, 0, 0, 0, 0
beetle-3_jpg.rf.5b6706f4e9bacfb3ef17eae684393dec.jpg, 0, 0, 1, 0, 0, 0, 0, 0, 0, 0, 0, 0, 0, 0, 0, 0, 0, 0, 0, 0
Screenshot--33-_png.rf.5b8f4786f691441f69fb348e1662abf1.jpg, 0, 0, 0, 0, 0, 0, 0, 0, 0, 0, 0, 0, 0, 0, 0, 1, 0, 0, 0, 0
gnat-bites75_jpg.rf.4aea884cd3c10e2cd5928e8efac5032f.jpg, 0, 0, 0, 0, 0, 0, 0, 1, 0, 0, 0, 0, 0, 0, 0, 0, 0, 0, 0, 0
gnat-bites79_jpg.rf.4f55dca19a91428a2f94123eac959442.jpg, 0, 0, 0, 0, 0, 0, 0, 1, 0, 0, 0, 0, 1, 0, 0, 1, 0, 0, 0, 0
gnat-bites22_jpg.rf.530400bfc70ee811982fedac388a1905.jpg, 0, 0, 0, 0, 0, 0, 0, 1, 0, 0, 0, 0, 0, 0, 0, 0, 0, 0, 0, 0
Screenshot--2-_png.rf.4abae76ee5f11dbc70679894e3be6e4c.jpg, 0, 0, 0, 0, 0, 0, 0, 0, 0, 0, 0, 0, 1, 0, 0, 0, 0, 0, 0, 0
beetle-9_jpg.rf.489bab04a20a2b5d72bc2675232fdb5f.jpg, 0, 0, 1, 0, 0, 0, 0, 0, 0, 0, 0, 0, 0, 0, 0, 0, 0, 0, 0, 0
IMG_3030_jpeg.rf.52803024b3c7dfa4f8037ac0c2aad078.jpg, 0, 0, 0, 0, 0, 0, 0, 0, 0, 0, 0, 0, 0, 0, 1, 0, 0, 0, 0, 0
IMG-3121_JPG.rf.58661c4e50addb1180ef11e8d449b3f4.jpg, 0, 0, 0, 0, 0, 0, 0, 0, 0, 0, 1, 0, 0, 0, 0, 0, 0, 0, 0, 0
beetle-12_jpg.rf.5b95fb74e91362791ad1ec9bb628ef94.jpg, 0, 0, 1, 0, 0, 0, 0, 0, 0, 0, 0, 0, 0, 0, 0, 0, 0, 0, 0, 0
Screenshot--31-_png.rf.5b9f2ec512f0158d466aa86eafba1403.jpg, 0, 0, 0, 0, 0, 0, 0, 0, 0, 0, 0, 0, 0, 0, 0, 1, 0, 0, 0, 0
IMG-3085_JPG.rf.5bd39f45d7be623baa6ea2b5ccace362.jpg, 0, 0, 0, 0, 0, 0, 1, 0, 0, 0, 0, 0, 0, 0, 0, 0, 0, 0, 0, 0
IMG-3080_jpg.rf.5c20092c85ce89d7113d1dacd3c1b141.jpg, 0, 0, 0, 0, 0, 0, 0, 0, 0, 0, 0, 0, 0, 1, 0, 0, 0, 0, 0, 0
Screenshot--50-_png.rf.5c2a848961d5b166247fb6ced4375f0a.jpg, 0, 0, 0, 0, 0, 0, 0, 0, 0, 0, 0, 0, 0, 0, 0, 0, 1, 0, 0, 0
gnat-bites47_jpg.rf.5ccb386b49e2204616e5b8a9281e87ad.jpg, 0, 0, 0, 0, 0, 0, 0, 1, 0, 0, 0, 0, 0, 0, 0, 0, 0, 0, 0, 0
gnat-bites91_jpg.rf.6018565aa82d89f0ee22afbc9bff00d7.jpg, 0, 0, 0, 0, 0, 0, 0, 1, 0, 0, 0, 0, 0, 0, 0, 0, 0, 0, 0, 0
Screenshot--9-_png.rf.601d6f37bf98fda2ee892c9a038c1bc4.jpg, 0, 0, 0, 0, 0, 0, 0, 0, 0, 0, 0, 0, 1, 0, 0, 0, 0, 0, 0, 0
bites-4_jpg.rf.6060380ba63ade64d7c89d99578f62cd.jpg, 0, 1, 1, 0, 0, 1, 1, 0, 0, 0, 0, 0, 1, 0, 0, 0, 1, 0, 0, 0
512px-Bienenstich_25a_jpg.rf.60cc9e8aa69d61a746c05e3c470cda41.jpg, 0, 1, 0, 0, 0, 0, 0, 0, 0, 0, 0, 0, 0, 0, 0, 0, 0, 0, 0, 0
Screenshot--13-_png.rf.5cfdcce9c25c98eb1976476545c1150f.jpg, 0, 0, 0, 0, 0, 0, 0, 0, 1, 0, 0, 0, 0, 0, 0, 0, 0, 0, 0, 0
Screenshot--3-_png.rf.5e646adb503a45e64c8b1703a264fd11.jpg, 0, 0, 0, 0, 0, 0, 0, 0, 1, 0, 0, 0, 0, 0, 0, 0, 0, 0, 0, 0
Screen-Shot-2022-07-01-at-11-15-48-AM_png.rf.6170e88cfe140fd8d80a686b86ad75e9.jpg, 0, 0, 0, 0, 0, 0, 0, 1, 0, 0, 0, 0, 0, 0, 0, 0, 0, 0, 0, 0
gnat-bites29_jpg.rf.60c99e152c7e68dba64a9078db82c460.jpg, 0, 0, 0, 0, 0, 0, 0, 1, 0, 0, 0, 0, 0, 0, 0, 0, 0, 0, 0, 0
gnat-bites16_jpg.rf.61a2a8208f6b7532ec3323afa1b840f2.jpg, 0, 0, 0, 0, 0, 0, 0, 1, 0, 0, 0, 0, 0, 0, 0, 0, 0, 0, 0, 0
gnat-bites89_jpg.rf.61d73bb0553a188960e5be8a8b93e89b.jpg, 0, 0, 0, 0, 0, 0, 0, 1, 0, 0, 0, 0, 0, 0, 0, 0, 0, 0, 0, 0
Screenshot--41-_png.rf.616356a977788e1db12141c4c38fe18f.jpg, 0, 0, 0, 0, 0, 0, 0, 0, 0, 0, 0, 0, 0, 0, 0, 0, 0, 1, 0, 0
mite-4_jpg.rf.61326e2bbae7fd0e0cac2d652c1c4254.jpg, 0, 0, 0, 0, 0, 0, 0, 0, 0, 0, 0, 1, 0, 0, 0, 0, 0, 0, 0, 0
Screenshot--16-_png.rf.5faf5cfaa68be7e69867cb87e24efbc5.jpg, 0, 0, 0, 0, 0, 0, 0, 0, 0, 0, 0, 0, 1, 0, 0, 0, 0, 0, 0, 0
Screen-Shot-2022-07-01-at-11-41-28-AM_png.rf.6303ff576c82e53e7551e762008ca5a4.jpg, 0, 0, 0, 1, 0, 0, 0, 0, 0, 0, 0, 0, 0, 0, 0, 0, 0, 0, 0, 0
Screen-Shot-2022-07-01-at-11-36-33-AM_png.rf.63e2e07e4a3143d67230ecef414c2826.jpg, 0, 0, 0, 1, 0, 0, 0, 0, 0, 0, 0, 0, 0, 0, 0, 0, 0, 0, 0, 0
Screenshot--33-_png.rf.5d95450e7c52441a59adffe87896cfb7.jpg, 0, 0, 0, 0, 0, 0, 0, 0, 0, 0, 0, 0, 0, 0, 0, 1, 0, 0, 0, 0
IMG-3069_jpg.rf.5cb4de34235e78d8fe8488293625afbb.jpg, 0, 0, 0, 0, 0, 0, 0, 0, 0, 0, 0, 0, 0, 1, 0, 0, 0, 0, 0, 0
Screenshot--25-_png.rf.6335c59e4a0f758ebdd0a33bf8ac842a.jpg, 0, 0, 0, 0, 0, 0, 0, 0, 0, 1, 0, 0, 0, 0, 0, 0, 0, 0, 0, 0
Screenshot--74-_png.rf.6362e366b319d943e33f3ec923474129.jpg, 1, 0, 0, 0, 0, 0, 0, 0, 0, 0, 0, 0, 0, 0, 0, 0, 0, 0, 0, 0
Screenshot--2-_png.rf.642339b2fc46af929706f5d52c8eb07d.jpg, 0, 0, 0, 0, 0, 0, 0, 0, 1, 0, 0, 0, 0, 0, 0, 0, 0, 0, 0, 0
gnat-bites47_jpg.rf.64491cd2c54662cbec09cc6f385abb41.jpg, 0, 0, 0, 0, 0, 0, 0, 1, 0, 0, 0, 0, 0, 0, 0, 0, 0, 0, 0, 0
IMG-3076_JPG.rf.64694b29e1cc404aa33c41ab87bdac18.jpg, 0, 0, 0, 0, 0, 0, 0, 0, 0, 0, 0, 0, 0, 1, 0, 0, 0, 0, 0, 0
Screenshot--24-_png.rf.64eb69f770f3f0639937ce93e9480995.jpg, 0, 0, 0, 0, 0, 0, 0, 0, 0, 1, 0, 0, 0, 0, 0, 0, 0, 0, 0, 0
IMG-3118_JPG.rf.65f7dd40b58c17cfcec220ec3d950b40.jpg, 0, 0, 0, 0, 0, 0, 0, 0, 0, 0, 1, 0, 0, 0, 0, 0, 0, 0, 0, 0
IMG-3095_jpg.rf.65fdb7d46251ca2b9b2254841e738910.jpg, 0, 0, 0, 0, 0, 0, 1, 0, 0, 0, 0, 0, 0, 0, 0, 0, 0, 0, 0, 0
gnat-bites42_jpg.rf.6708dcc2a33f6468175c715448461a20.jpg, 0, 0, 0, 0, 0, 0, 0, 1, 0, 0, 0, 0, 0, 0, 0, 0, 0, 0, 0, 0
gnat-bites79_jpg.rf.6719f6938ab52b2e925cbd1959510746.jpg, 0, 0, 0, 0, 0, 0, 0, 1, 0, 0, 0, 0, 1, 0, 0, 1, 0, 0, 0, 0
IMG-3095_jpg.rf.6817ec59afd06242e706ebd3faa408c6.jpg, 0, 0, 0, 0, 0, 0, 1, 0, 0, 0, 0, 0, 0, 0, 0, 0, 0, 0, 0, 0
mite-9_jpg.rf.685b22b55f834047a738ffb31e27df00.jpg, 0, 0, 0, 0, 0, 0, 0, 0, 0, 0, 0, 1, 0, 0, 0, 0, 0, 0, 0, 0
Screenshot--29-_png.rf.68dd3d3c357784505cd0c930f4c3d03d.jpg, 0, 0, 0, 0, 0, 0, 0, 0, 0, 0, 0, 0, 0, 0, 0, 1, 0, 0, 0, 0
IMG-3069_jpg.rf.6a359a709d06cc688af7e79bea7600bb.jpg, 0, 0, 0, 0, 0, 0, 0, 0, 0, 0, 0, 0, 0, 1, 0, 0, 0, 0, 0, 0
IMG-3093_JPG.rf.6a54b665033548084b4bdb8e90744336.jpg, 0, 0, 0, 0, 0, 0, 1, 0, 0, 0, 0, 0, 0, 0, 0, 0, 0, 0, 0, 0
beetle-8_jpg.rf.6a9c375fbc091a251956dbe88a960d93.jpg, 0, 0, 1, 0, 0, 0, 0, 0, 0, 0, 0, 0, 0, 0, 0, 0, 0, 0, 0, 0
Screen-Shot-2022-07-01-at-11-05-20-AM_png.rf.6b2e819685ddd679ad5915ffd9958332.jpg, 0, 1, 0, 0, 0, 0, 0, 0, 0, 0, 0, 0, 0, 0, 0, 0, 0, 0, 0, 0
IMG_3039_jpeg.rf.6d23cd45f95cb0e4051a675cbd4edbbc.jpg, 0, 0, 0, 0, 0, 0, 0, 0, 0, 0, 0, 0, 0, 0, 1, 0, 0, 0, 0, 0
gnat-bites65_jpg.rf.6d6f31b95370c653db4638caec2bffe2.jpg, 0, 0, 0, 0, 0, 0, 0, 1, 0, 0, 0, 0, 0, 0, 0, 0, 0, 0, 0, 0
Screenshot--58-_png.rf.6df15394bf832ac5b7ae9420e8023baf.jpg, 0, 0, 0, 0, 0, 0, 0, 0, 0, 0, 0, 0, 0, 0, 0, 0, 1, 0, 0, 0
Screenshot--14-_png.rf.6e157320727f1d249754b1922d54ee6c.jpg, 0, 0, 0, 0, 0, 0, 0, 0, 0, 0, 0, 0, 1, 0, 0, 0, 0, 0, 0, 0
Screen-Shot-2022-07-01-at-11-24-35-AM_png.rf.6e2a5c9f9d380d3bf50fb5aaba91f6a2.jpg, 0, 0, 0, 0, 0, 0, 0, 1, 0, 0, 0, 0, 0, 0, 0, 0, 0, 0, 0, 0
IMG-3079_JPG.rf.6eb8d5efa7f0289aeac5ad24409c29cc.jpg, 0, 0, 0, 0, 0, 0, 0, 0, 0, 0, 0, 0, 0, 1, 0, 0, 0, 0, 0, 0
Screen-Shot-2022-07-01-at-11-36-33-AM_png.rf.64e5cfcc41acb4f82d655d29a0c48832.jpg, 0, 0, 0, 1, 0, 0, 0, 0, 0, 0, 0, 0, 0, 0, 0, 0, 0, 0, 0, 0
Screenshot--13-_png.rf.6eccedde604734ff1e8d6321eb6028fa.jpg, 0, 0, 0, 0, 0, 0, 0, 0, 0, 0, 0, 0, 1, 0, 0, 0, 0, 0, 0, 0
IMG-3117_JPG.rf.6f3e910d75b27d6ba79117022c90a53e.jpg, 0, 0, 0, 0, 0, 0, 0, 0, 0, 0, 1, 0, 0, 0, 0, 0, 0, 0, 0, 0
Screenshot--36-_png.rf.6f94a9b127fb7053f0baa5ea5ae583d0.jpg, 0, 0, 0, 0, 0, 0, 0, 0, 0, 1, 0, 0, 0, 0, 0, 0, 0, 0, 0, 0
gnat-bites67_jpg.rf.6fb69bd1cf72f8076ad0ebf157f22a03.jpg, 0, 0, 0, 0, 0, 0, 0, 1, 0, 0, 0, 0, 0, 0, 0, 0, 0, 0, 0, 0
IMG-3090_JPG.rf.67085126f78b301ee90787587b57e5b1.jpg, 0, 0, 0, 0, 0, 0, 1, 0, 0, 0, 0, 0, 0, 0, 0, 0, 0, 0, 0, 0
gnat-bites34_jpg.rf.708299a968a01d356bc7cb228845ae61.jpg, 0, 0, 0, 0, 0, 0, 0, 1, 0, 0, 0, 0, 0, 0, 0, 0, 0, 0, 0, 0
beetle-10_jpg.rf.71d9acddc232bba156550c8a5f29a97b.jpg, 0, 0, 1, 0, 0, 0, 0, 0, 0, 0, 0, 0, 0, 0, 0, 0, 0, 0, 0, 0
Screen-Shot-2022-07-01-at-11-37-14-AM_png.rf.722884772992f7171e260bc8861541b0.jpg, 0, 0, 0, 1, 0, 0, 0, 0, 0, 0, 0, 0, 0, 0, 0, 0, 0, 0, 0, 0
gnat-bites40_jpg.rf.7212451602296798644b2f2e530dc144.jpg, 0, 0, 0, 0, 0, 0, 0, 1, 0, 0, 0, 0, 0, 0, 0, 0, 0, 0, 0, 0
beetle-13_jpg.rf.7241116358d416bde08d3ff78cd01186.jpg, 0, 0, 1, 0, 0, 0, 0, 0, 0, 0, 0, 0, 0, 0, 0, 0, 0, 0, 0, 0
beetle-10_jpg.rf.6a0894fa44d055f0ec9102b27f42bfe3.jpg, 0, 0, 1, 0, 0, 0, 0, 0, 0, 0, 0, 0, 0, 0, 0, 0, 0, 0, 0, 0
IMG_3033_jpeg.rf.728ef2861643a17c388d20233d5d0376.jpg, 0, 0, 0, 0, 0, 0, 0, 0, 0, 0, 0, 0, 0, 0, 1, 0, 0, 0, 0, 0
Screenshot--46-_png.rf.72a7298eaa98a3ba35b265a6c5284c20.jpg, 0, 0, 0, 0, 0, 0, 0, 0, 0, 0, 0, 0, 0, 0, 0, 0, 0, 1, 0, 0
gnat-bites65_jpg.rf.72b0c104e6bd248ed9af14f097459f5b.jpg, 0, 0, 0, 0, 0, 0, 0, 1, 0, 0, 0, 0, 0, 0, 0, 0, 0, 0, 0, 0
Screen-Shot-2022-07-01-at-11-05-20-AM_png.rf.73beb6213d5a2f9b637bbde1057a944b.jpg, 0, 1, 0, 0, 0, 0, 0, 0, 0, 0, 0, 0, 0, 0, 0, 0, 0, 0, 0, 0
beetle-7_jpg.rf.73dee18df0535269f3429d1d77da7bf3.jpg, 0, 0, 1, 0, 0, 0, 0, 0, 0, 0, 0, 0, 0, 0, 0, 0, 0, 0, 0, 0
Screen-Shot-2022-07-01-at-11-39-42-AM_png.rf.73ee992b5a35a9d3ed5c7e1f20b03b1d.jpg, 0, 0, 0, 1, 0, 0, 0, 0, 0, 0, 0, 0, 0, 0, 0, 0, 0, 0, 0, 0
unnamed--1-_jpg.rf.744eadabd03efcfa5e84b4ebc43f4802.jpg, 0, 0, 0, 0, 0, 0, 0, 0, 0, 0, 0, 0, 0, 0, 1, 0, 0, 0, 0, 0
mite-3_jpg.rf.7493e8ac2e6ebf274b14b2e3b6a4826e.jpg, 0, 0, 0, 0, 0, 0, 0, 0, 0, 0, 0, 1, 0, 0, 0, 0, 0, 0, 0, 0
Screenshot--52-_png.rf.758862a314bd65679a8debbf7888067b.jpg, 0, 0, 0, 0, 0, 0, 0, 0, 0, 0, 0, 0, 0, 0, 0, 0, 1, 0, 0, 0
Screen-Shot-2022-07-01-at-11-37-14-AM_png.rf.75e5eca5c6bd4f791c529a78702f65ef.jpg, 0, 0, 0, 1, 0, 0, 0, 0, 0, 0, 0, 0, 0, 0, 0, 0, 0, 0, 0, 0
mite-10_jpg.rf.7829ec63d4d6bfce8e1ccbe597ab2533.jpg, 0, 0, 0, 0, 0, 0, 0, 0, 0, 0, 0, 1, 0, 0, 0, 0, 0, 0, 0, 0
mite-14_jpg.rf.77919ebdf16bdc6d46261270e68c5c62.jpg, 0, 0, 0, 0, 0, 0, 0, 0, 0, 0, 0, 1, 0, 0, 0, 0, 0, 0, 0, 0
th--3-_jpeg.rf.7a2508bafb966d4c8073af93df74fc8c.jpg, 0, 0, 0, 0, 0, 0, 0, 0, 0, 0, 0, 0, 0, 0, 0, 0, 0, 0, 1, 0
IMG-3079_JPG.rf.7abf1c1a41788d8da9487462d059376e.jpg, 0, 0, 0, 0, 0, 0, 0, 0, 0, 0, 0, 0, 0, 1, 0, 0, 0, 0, 0, 0
gnat-bites54_jpg.rf.7ae04cde7c5630946d899e3fc17553bd.jpg, 0, 0, 0, 0, 0, 0, 0, 1, 0, 0, 0, 0, 0, 0, 0, 0, 0, 0, 0, 0
gnat-bites78_jpg.rf.7bf4c9dd0b6b1d6217c52ff3e7791538.jpg, 0, 0, 0, 0, 0, 0, 0, 1, 0, 0, 0, 0, 0, 0, 0, 0, 0, 0, 0, 0
yellow-jacket-bug-bites77_jpg.rf.7c3ee2faddf455039f87142c037b0e0c.jpg, 0, 0, 0, 0, 0, 0, 0, 0, 0, 0, 0, 0, 0, 0, 0, 0, 0, 0, 1, 0
gnat-bites19_jpg.rf.6cdf50acb0dd58cb1c1f69719c26756f.jpg, 0, 0, 0, 0, 0, 0, 0, 1, 0, 0, 0, 0, 0, 0, 0, 0, 0, 0, 0, 0
gnat-bites40_jpg.rf.7c7070ac5cd6f08636badf485afd3ac8.jpg, 0, 0, 0, 0, 0, 0, 0, 1, 0, 0, 0, 0, 0, 0, 0, 0, 0, 0, 0, 0
gnat-bites1_jpg.rf.7d2448d806723a06580999b73ace397e.jpg, 0, 0, 0, 0, 0, 0, 0, 1, 0, 0, 0, 0, 0, 0, 0, 0, 0, 0, 0, 0
IMG-3092_PNG.rf.7d281ff8977460428fc143affd0d6326.jpg, 0, 0, 0, 0, 0, 0, 1, 0, 0, 0, 0, 0, 0, 0, 0, 0, 0, 0, 0, 0
Screenshot--52-_png.rf.7da29c74f600047199dfe77758fe4b43.jpg, 0, 0, 0, 0, 0, 0, 0, 0, 0, 0, 0, 0, 0, 0, 0, 0, 1, 0, 0, 0
Screenshot--82-_png.rf.7e8a0c981e459659d08bb6bd693ca6bf.jpg, 1, 0, 0, 0, 0, 0, 0, 0, 0, 0, 0, 0, 0, 0, 0, 0, 0, 0, 0, 0
Screenshot--46-_png.rf.7f580b24e64cc4d695f0072ef673dd26.jpg, 0, 0, 0, 0, 0, 0, 0, 0, 0, 0, 0, 0, 0, 0, 0, 0, 0, 1, 0, 0
IMG_3038_jpeg.rf.7fecc538e2fbb5350dcf2166654bb9d5.jpg, 0, 0, 0, 0, 0, 0, 0, 0, 0, 0, 0, 0, 0, 0, 1, 0, 0, 0, 0, 0
IMG-3090_JPG.rf.702ab5e423d50c96c5787fd2a302102f.jpg, 0, 0, 0, 0, 0, 0, 1, 0, 0, 0, 0, 0, 0, 0, 0, 0, 0, 0, 0, 0
Screen-Shot-2022-07-01-at-11-36-43-AM_png.rf.80159073b515b91f184cb38bf9af4572.jpg, 0, 0, 0, 1, 0, 0, 0, 0, 0, 0, 0, 0, 0, 0, 0, 0, 0, 0, 0, 0
th--6-_jpeg.rf.8057d1ff0f424d628c3ad47835e73a7a.jpg, 0, 0, 0, 0, 1, 0, 0, 0, 0, 0, 0, 0, 0, 0, 0, 0, 0, 0, 0, 0
mite-1_jpg.rf.80f41097964e86347639bdb2a224011c.jpg, 0, 0, 0, 0, 0, 0, 0, 0, 0, 0, 0, 1, 0, 0, 0, 0, 0, 0, 0, 0
Screenshot--26-_png.rf.70ad1f81cf1f0484af0aba2aeaafddaa.jpg, 0, 0, 0, 0, 0, 0, 0, 0, 0, 1, 0, 0, 0, 0, 0, 0, 0, 0, 0, 0
IMG-3112_JPG.rf.81b444642e85ae9137c2cdcd2ba9e2fc.jpg, 0, 0, 0, 0, 0, 0, 0, 0, 0, 0, 1, 0, 0, 0, 0, 0, 0, 0, 0, 0
Screenshot--2-_png.rf.81d8a72c53185c6f6b3d6483f76a183a.jpg, 0, 0, 0, 0, 0, 0, 0, 0, 0, 0, 0, 0, 1, 0, 0, 0, 0, 0, 0, 0
Screenshot--82-_png.rf.83ac62719357c81aab9db546deaf416a.jpg, 1, 0, 0, 0, 0, 0, 0, 0, 0, 0, 0, 0, 0, 0, 0, 0, 0, 0, 0, 0
gnat-bites84_jpg.rf.8427707401f39f4046f15849483235b9.jpg, 0, 0, 0, 0, 0, 0, 0, 1, 0, 0, 0, 0, 0, 0, 0, 0, 0, 0, 0, 0
Screenshot--22-_png.rf.850b820b6f4a8e03961315b82d01f4cc.jpg, 0, 0, 0, 0, 0, 0, 0, 0, 0, 0, 0, 0, 0, 0, 0, 1, 0, 0, 0, 0
IMG_3031_jpeg.rf.855b01b0ed8c38e0276be82a3e709dc2.jpg, 0, 0, 0, 0, 0, 0, 0, 0, 0, 0, 0, 0, 0, 0, 1, 0, 0, 0, 0, 0
gnat-bites75_jpg.rf.860c900917bf317edc5e7e224b84fd77.jpg, 0, 0, 0, 0, 0, 0, 0, 1, 0, 0, 0, 0, 0, 0, 0, 0, 0, 0, 0, 0
yellow-jacket-bug-bites77_jpg.rf.86d72b301e9025580bfeefa49e30e800.jpg, 0, 0, 0, 0, 0, 0, 0, 0, 0, 0, 0, 0, 0, 0, 0, 0, 0, 0, 1, 0
Screenshot--71-_png.rf.87a04288ef43672b796e95f8ccb875cb.jpg, 1, 0, 0, 0, 0, 0, 0, 0, 0, 0, 0, 0, 0, 0, 0, 0, 0, 0, 0, 0
Screenshot--71-_png.rf.87e63c40983c0b45c2f235a9f343a929.jpg, 1, 0, 0, 0, 0, 0, 0, 0, 0, 0, 0, 0, 0, 0, 0, 0, 0, 0, 0, 0
fire-ant-bite-1_jpg.rf.88c46819b4a5d377543372ac96dac3d9.jpg, 0, 0, 0, 0, 0, 1, 0, 0, 0, 0, 0, 0, 0, 0, 0, 0, 0, 0, 0, 0
mite-15_jpg.rf.78ea5c938bd82ae12fe667a0c42c830e.jpg, 0, 0, 0, 0, 0, 0, 0, 0, 0, 0, 0, 1, 0, 0, 0, 0, 0, 0, 0, 0
Screenshot--41-_png.rf.78930f3073d5171e872ae56241cdc948.jpg, 0, 0, 0, 0, 0, 0, 0, 0, 0, 0, 0, 0, 0, 0, 0, 0, 0, 1, 0, 0
yellow-jacket-bug-bites5_jpg.rf.899f0fa8f9b60d6c1a08d66b45df38fe.jpg, 0, 0, 0, 0, 0, 0, 0, 0, 0, 0, 0, 0, 0, 0, 0, 0, 0, 0, 1, 0
Screenshot--19-_png.rf.8a16689bec63f4ffcc61b5a2f64bc3a0.jpg, 0, 0, 0, 0, 0, 0, 0, 0, 0, 1, 0, 0, 0, 0, 0, 0, 0, 0, 0, 0
IMG-3089_JPG.rf.8a7415c07d783de2b33c1a67d34c91c5.jpg, 0, 0, 0, 0, 0, 0, 1, 0, 0, 0, 0, 0, 0, 0, 0, 0, 0, 0, 0, 0
Screenshot--57-_png.rf.8a982712d3de02f7807d0a5eec87d4dd.jpg, 0, 0, 0, 0, 0, 0, 0, 0, 0, 0, 0, 0, 0, 0, 0, 0, 1, 0, 0, 0
IMG-3089_JPG.rf.8b49e7287ff739d1dffb03362e0e102c.jpg, 0, 0, 0, 0, 0, 0, 1, 0, 0, 0, 0, 0, 0, 0, 0, 0, 0, 0, 0, 0
Screenshot--21-_png.rf.8ac2407e33341d3ef08430483989bda6.jpg, 0, 0, 0, 0, 0, 0, 0, 0, 0, 1, 0, 0, 0, 0, 0, 0, 0, 0, 0, 0
Screenshot--25-_png.rf.7a14fe0b8c13a964068c4f3c93bbb47c.jpg, 0, 0, 0, 0, 0, 0, 0, 0, 0, 0, 0, 0, 0, 0, 0, 1, 0, 0, 0, 0
Screenshot--20-_png.rf.8c15e433d9e3ed00d56c5c86c72a8108.jpg, 0, 0, 0, 0, 0, 0, 0, 0, 0, 1, 0, 0, 0, 0, 0, 0, 0, 0, 0, 0
gnat-bites19_jpg.rf.8c11853387738551c0a3b2611174ac88.jpg, 0, 0, 0, 0, 0, 0, 0, 1, 0, 0, 0, 0, 0, 0, 0, 0, 0, 0, 0, 0
Screenshot--29-_png.rf.8cb581058a9b3d45cb3a56c23ce2f09d.jpg, 0, 0, 0, 0, 0, 0, 0, 0, 0, 0, 0, 0, 0, 0, 0, 1, 0, 0, 0, 0
Screenshot--15-_png.rf.7e26acbbe35eb671f96469ae26e227db.jpg, 0, 0, 0, 0, 0, 0, 0, 0, 0, 0, 0, 0, 1, 0, 0, 0, 0, 0, 0, 0
Screenshot--49-_png.rf.8dca8f8f3e5404454d051e5e7c2e2ab1.jpg, 0, 0, 0, 0, 0, 0, 0, 0, 0, 0, 0, 0, 0, 0, 0, 0, 1, 0, 0, 0
yellow-jacket-bug-bites89_jpg.rf.8df8673c71fc5368ebdaeb0af352152e.jpg, 0, 0, 0, 0, 0, 0, 0, 0, 0, 0, 0, 0, 0, 0, 0, 0, 0, 0, 1, 0
Screenshot--50-_png.rf.8e0bdfbf636b33d9d459bf797c609576.jpg, 0, 0, 0, 0, 0, 0, 0, 0, 0, 0, 0, 0, 0, 0, 0, 0, 1, 0, 0, 0
yellow-jacket-bug-bites4_jpg.rf.921251fd2f7d0433795a1dba02501ba1.jpg, 0, 0, 0, 0, 0, 0, 0, 0, 0, 0, 0, 0, 0, 0, 0, 0, 0, 0, 1, 0
Screenshot--9-_png.rf.927a088e9af6af2ba633dda93a574a9c.jpg, 0, 0, 0, 0, 0, 0, 0, 0, 0, 0, 0, 0, 1, 0, 0, 0, 0, 0, 0, 0
IMG-3112_JPG.rf.933fb48bb446db7225c188294a32fe4d.jpg, 0, 0, 0, 0, 0, 0, 0, 0, 0, 0, 1, 0, 0, 0, 0, 0, 0, 0, 0, 0
gnat-bites34_jpg.rf.85de42f8b8bc2d0c94cf1756e85ac8ce.jpg, 0, 0, 0, 0, 0, 0, 0, 1, 0, 0, 0, 0, 0, 0, 0, 0, 0, 0, 0, 0
IMG_3025_jpeg.rf.7d3ca24f73b1adac3265ac62e963bc37.jpg, 0, 0, 0, 0, 0, 0, 0, 0, 0, 0, 0, 0, 0, 0, 1, 0, 0, 0, 0, 0
gnat-bites20_jpg.rf.7991b35601b909bc8efc2e5698aef694.jpg, 0, 0, 0, 0, 0, 0, 0, 1, 0, 0, 0, 0, 0, 0, 0, 0, 0, 0, 0, 0
Screenshot--33-_png.rf.9404445ba6064ca123709544cad07bd0.jpg, 0, 0, 0, 0, 0, 0, 0, 0, 0, 0, 0, 0, 0, 0, 0, 1, 0, 0, 0, 0
fire-ant-4_jpg.rf.9422fad8f1009dafb775ed7930ae8e5f.jpg, 0, 0, 0, 0, 0, 1, 0, 0, 0, 0, 0, 0, 0, 0, 0, 0, 0, 0, 0, 0
Screen-Shot-2022-07-01-at-11-15-20-AM_png.rf.95753b818fa7979a0d5d81bdee12b059.jpg, 0, 0, 0, 0, 0, 0, 0, 1, 0, 0, 0, 0, 0, 0, 0, 0, 0, 0, 0, 0
IMG-3084_JPG.rf.95b9b5bb8aacd6865de299c0a7b3b306.jpg, 0, 0, 0, 0, 0, 0, 1, 0, 0, 0, 0, 0, 0, 0, 0, 0, 0, 0, 0, 0
Screenshot--52-_png.rf.867a7618829a9364f1914fba28148cce.jpg, 0, 0, 0, 0, 0, 0, 0, 0, 0, 0, 0, 0, 0, 0, 0, 0, 1, 0, 0, 0
Screenshot--3-_png.rf.964401884029b1c43f5f3f7ae355cb1c.jpg, 0, 0, 0, 0, 0, 0, 0, 0, 1, 0, 0, 0, 0, 0, 0, 0, 0, 0, 0, 0
Screenshot--74-_png.rf.96fcab068bdefebfbb7073664def136d.jpg, 1, 0, 0, 0, 0, 0, 0, 0, 0, 0, 0, 0, 0, 0, 0, 0, 0, 0, 0, 0
beetle-5_jpg.rf.96d350edef8b11be0d6f21b1c2df9ced.jpg, 0, 0, 1, 0, 0, 0, 0, 0, 0, 0, 0, 0, 0, 0, 0, 0, 0, 0, 0, 0
fire-ant-3_jpg.rf.97b3052e93dcd021a472352cdbc40018.jpg, 0, 0, 0, 0, 0, 1, 0, 0, 0, 0, 0, 0, 0, 0, 0, 0, 0, 0, 0, 0
Screenshot--8-_png.rf.97b6d5177b020c56d49bd80f6c8bfafb.jpg, 0, 0, 0, 0, 0, 0, 0, 0, 1, 0, 0, 0, 0, 0, 0, 0, 0, 0, 0, 0
Screenshot--42-_png.rf.877f2d164139a055fd8e016519d58c15.jpg, 0, 0, 0, 0, 0, 0, 0, 0, 0, 0, 0, 0, 0, 0, 0, 0, 0, 1, 0, 0
Screen-Shot-2022-07-01-at-11-22-10-AM_png.rf.98f34e7cd522030c8948e0e1c3fb165b.jpg, 0, 0, 0, 0, 0, 0, 0, 1, 0, 0, 0, 0, 0, 0, 0, 0, 0, 0, 0, 0
Screenshot--11-_png.rf.986b0af6fc5359869f6e9c08ec1e107c.jpg, 0, 0, 0, 0, 0, 0, 0, 0, 1, 0, 0, 0, 0, 0, 0, 0, 0, 0, 0, 0
gnat-bites89_jpg.rf.99523167f6e594579124b46ce71ac5ff.jpg, 0, 0, 0, 0, 0, 0, 0, 1, 0, 0, 0, 0, 0, 0, 0, 0, 0, 0, 0, 0
fire-ant-7_jpg.rf.9954874ea656e16055c93db11ee01e4e.jpg, 0, 0, 0, 0, 0, 1, 0, 0, 0, 0, 0, 0, 0, 0, 0, 0, 0, 0, 0, 0
Screen-Shot-2022-07-01-at-11-40-05-AM_png.rf.99ff404e8e17e1b717cc24eceb4c293a.jpg, 0, 0, 0, 1, 0, 0, 0, 0, 0, 0, 0, 0, 0, 0, 0, 0, 0, 0, 0, 0
yellow-jacket-bug-bites4_jpg.rf.9a16c3aac51a5647c5ea1e9894e819a8.jpg, 0, 0, 0, 0, 0, 0, 0, 0, 0, 0, 0, 0, 0, 0, 0, 0, 0, 0, 1, 0
IMG-3085_JPG.rf.9a3535f07401ef26e6206803cabf35e8.jpg, 0, 0, 0, 0, 0, 0, 1, 0, 0, 0, 0, 0, 0, 0, 0, 0, 0, 0, 0, 0
IMG_3038_jpeg.rf.9a5ef541cc1ccdc856453a2fc1a06c62.jpg, 0, 0, 0, 0, 0, 0, 0, 0, 0, 0, 0, 0, 0, 0, 1, 0, 0, 0, 0, 0
Screenshot--78-_png.rf.8d5f23369e2b35cb84541fa1c241ff13.jpg, 1, 0, 0, 0, 0, 0, 0, 0, 0, 0, 0, 0, 0, 0, 0, 0, 0, 0, 0, 0
Screenshot--2-_png.rf.9bbcb2360482d83aa41c15ce64e88ab7.jpg, 0, 0, 0, 0, 0, 0, 0, 0, 1, 0, 0, 0, 0, 0, 0, 0, 0, 0, 0, 0
gnat-bites48_jpg.rf.898a0c5533bc4cc1bb7b3687ccd8227f.jpg, 0, 0, 0, 0, 0, 0, 0, 1, 0, 0, 0, 0, 0, 0, 0, 0, 0, 0, 0, 0
Screenshot--17-_png.rf.9c466f50d7b5671a009409495cf9508f.jpg, 0, 0, 0, 0, 0, 0, 0, 0, 0, 1, 0, 0, 0, 0, 0, 0, 0, 0, 0, 0
Screenshot--4-_png.rf.9daeb464c5321fe371197d03ecb877f7.jpg, 0, 0, 0, 0, 0, 0, 0, 0, 1, 0, 0, 0, 0, 0, 0, 0, 0, 0, 0, 0
Screenshot--58-_png.rf.9e2d59f139769d15f08c34542db28026.jpg, 0, 0, 0, 0, 0, 0, 0, 0, 0, 0, 0, 0, 0, 0, 0, 0, 1, 0, 0, 0
Screenshot--35-_png.rf.9ed8343322d8590defd3b09e719bdbe5.jpg, 0, 0, 0, 0, 0, 0, 0, 0, 1, 0, 0, 0, 0, 0, 0, 0, 0, 0, 0, 0
mite-5_jpg.rf.9f10eeb11531525c9d9398e3af54b856.jpg, 0, 0, 0, 0, 0, 0, 0, 0, 0, 0, 0, 1, 0, 0, 0, 0, 0, 0, 0, 0
IMG_3027--1-_jpeg.rf.9f3533258f851226d3182f44de414041.jpg, 0, 0, 0, 0, 0, 0, 0, 0, 0, 0, 0, 0, 0, 0, 1, 0, 0, 0, 0, 0
mite-15_jpg.rf.9f939ba4f283cc4c65becee85a8b8ecf.jpg, 0, 0, 0, 0, 0, 0, 0, 0, 0, 0, 0, 1, 0, 0, 0, 0, 0, 0, 0, 0
gnat-bites24_jpg.rf.a093e57eeee5b9991fad45d0a6ca929f.jpg, 0, 0, 0, 0, 0, 0, 0, 1, 0, 0, 0, 0, 0, 0, 0, 0, 0, 0, 0, 0
Screenshot--82-_png.rf.a0a44fad4f7c4cad0eb6078abad38cdd.jpg, 1, 0, 0, 0, 0, 0, 0, 0, 0, 0, 0, 0, 0, 0, 0, 0, 0, 0, 0, 0
gnat-bites68_jpg.rf.a0b7bd891a7782eb815748dda2a62950.jpg, 0, 0, 0, 0, 0, 0, 0, 1, 0, 0, 0, 0, 0, 0, 0, 0, 0, 0, 0, 0
IMG-3118_JPG.rf.a0aff7c24ce8e11a4d071d596e0fdf6f.jpg, 0, 0, 0, 0, 0, 0, 0, 0, 0, 0, 1, 0, 0, 0, 0, 0, 0, 0, 0, 0
IMG-3074_JPG.rf.a0d1ca73aa3050eb48e25dd15bf32cc0.jpg, 0, 0, 0, 0, 0, 0, 0, 0, 0, 0, 0, 0, 0, 1, 0, 0, 0, 0, 0, 0
gnat-bites20_jpg.rf.a0e0a6ed42fb36d2b49e7e9e4caebe95.jpg, 0, 0, 0, 0, 0, 0, 0, 1, 0, 0, 0, 0, 0, 0, 0, 0, 0, 0, 0, 0
IMG-3085_JPG.rf.a16dd6485fe07c49e7255e7e64d9dcd0.jpg, 0, 0, 0, 0, 0, 0, 1, 0, 0, 0, 0, 0, 0, 0, 0, 0, 0, 0, 0, 0
Screen-Shot-2022-07-01-at-11-04-33-AM_png.rf.a292ced04fb062fd5569100622b72e14.jpg, 0, 1, 0, 0, 0, 0, 0, 0, 0, 0, 0, 0, 0, 0, 0, 0, 0, 0, 0, 0
mite-6_jpg.rf.a41d0bac8e1fa237f3f4acdd6e4a6239.jpg, 0, 0, 0, 0, 0, 0, 0, 0, 0, 0, 0, 1, 0, 0, 0, 0, 0, 0, 0, 0
istock_000001710684medium_mosquito-bite_jpg.rf.a5469fb68246b238daed47138f37aaed.jpg, 0, 1, 0, 0, 0, 0, 0, 0, 0, 0, 0, 0, 0, 0, 0, 0, 0, 0, 0, 0
Screenshot--78-_png.rf.a558bc22b7f066cf0342efffd44fa71f.jpg, 1, 0, 0, 0, 0, 0, 0, 0, 0, 0, 0, 0, 0, 0, 0, 0, 0, 0, 0, 0
gnat-bites42_jpg.rf.a61ebc4a5bd546de797eb2eb5821ee8e.jpg, 0, 0, 0, 0, 0, 0, 0, 1, 0, 0, 0, 0, 0, 0, 0, 0, 0, 0, 0, 0
beetle-8_jpg.rf.97b9b3999ac61ace30f1e960304e910f.jpg, 0, 0, 1, 0, 0, 0, 0, 0, 0, 0, 0, 0, 0, 0, 0, 0, 0, 0, 0, 0
IMG_3027--1-_jpeg.rf.a675b3ab81b3efa2d3aaa7971955667e.jpg, 0, 0, 0, 0, 0, 0, 0, 0, 0, 0, 0, 0, 0, 0, 1, 0, 0, 0, 0, 0
gnat-bites67_jpg.rf.a700ea59f7af9ab0c189eba2088592ab.jpg, 0, 0, 0, 0, 0, 0, 0, 1, 0, 0, 0, 0, 0, 0, 0, 0, 0, 0, 0, 0
Screenshot--18-_png.rf.a737fdce9af1cda09abda04e38c3c43b.jpg, 0, 0, 0, 0, 0, 0, 0, 0, 0, 0, 0, 0, 1, 0, 0, 0, 0, 0, 0, 0
gnat-bites54_jpg.rf.a83aac66b39360085e86ec48401a3b3f.jpg, 0, 0, 0, 0, 0, 0, 0, 1, 0, 0, 0, 0, 0, 0, 0, 0, 0, 0, 0, 0
Screen-Shot-2022-07-01-at-11-40-05-AM_png.rf.aaf3091fd650a3fa9c89c725d209e02d.jpg, 0, 0, 0, 1, 0, 0, 0, 0, 0, 0, 0, 0, 0, 0, 0, 0, 0, 0, 0, 0
IMG_3030_jpeg.rf.aca8cd031ab573bba29af89f1813db77.jpg, 0, 0, 0, 0, 0, 0, 0, 0, 0, 0, 0, 0, 0, 0, 1, 0, 0, 0, 0, 0
mite-15_jpg.rf.acd9b813456470c224619d832c8e6b9d.jpg, 0, 0, 0, 0, 0, 0, 0, 0, 0, 0, 0, 1, 0, 0, 0, 0, 0, 0, 0, 0
IMG-3117_JPG.rf.ad94748b9ca8283ff938028e3b10e2b9.jpg, 0, 0, 0, 0, 0, 0, 0, 0, 0, 0, 1, 0, 0, 0, 0, 0, 0, 0, 0, 0
Screenshot--18-_png.rf.aed942afb79fcc63bdcb05196e320ed0.jpg, 0, 0, 0, 0, 0, 0, 0, 0, 0, 0, 0, 0, 1, 0, 0, 0, 0, 0, 0, 0
yellow-jacket-bug-bites42_jpg.rf.af89671c401638935809d7f4a99e215b.jpg, 0, 0, 0, 0, 0, 0, 0, 0, 0, 0, 0, 0, 0, 0, 0, 0, 0, 0, 1, 0
th--6-_jpeg.rf.996d9cc8e4de381ab91cfdb420d3903e.jpg, 0, 0, 0, 0, 1, 0, 0, 0, 0, 0, 0, 0, 0, 0, 0, 0, 0, 0, 0, 0
Screen-Shot-2022-07-01-at-11-40-05-AM_png.rf.b2cafccfd68dc47170d6f22da483791c.jpg, 0, 0, 0, 1, 0, 0, 0, 0, 0, 0, 0, 0, 0, 0, 0, 0, 0, 0, 0, 0
IMG-3092_PNG.rf.b2e73ee515c9d8ac93a9ed71de8e838c.jpg, 0, 0, 0, 0, 0, 0, 1, 0, 0, 0, 0, 0, 0, 0, 0, 0, 0, 0, 0, 0
gnat-bites49_jpg.rf.b3769e0f789fa44a1abd1980c88b166c.jpg, 0, 0, 0, 0, 0, 0, 0, 1, 0, 0, 0, 0, 0, 0, 0, 0, 0, 0, 0, 0
unnamed_jpg.rf.b5b559d1d93fc38b0c9df951f47a5e2d.jpg, 0, 0, 0, 0, 0, 0, 0, 0, 0, 0, 0, 0, 0, 0, 1, 0, 0, 0, 0, 0
Screen-Shot-2022-07-01-at-11-36-43-AM_png.rf.b66598ce71a9d687aa0784eb13e57c59.jpg, 0, 0, 0, 1, 0, 0, 0, 0, 0, 0, 0, 0, 0, 0, 0, 0, 0, 0, 0, 0
Screenshot--39-_png.rf.b7024c4c51a7eb2045256bf6bb5620cb.jpg, 0, 0, 0, 0, 0, 0, 0, 0, 0, 0, 0, 0, 0, 0, 0, 0, 0, 1, 0, 0
gnat-bites47_jpg.rf.b732ab8560ed671eae3b07978f80f114.jpg, 0, 0, 0, 0, 0, 0, 0, 1, 0, 0, 0, 0, 0, 0, 0, 0, 0, 0, 0, 0
gnat-bites43_jpg.rf.b7a714a5904576eaada4edcac2514189.jpg, 0, 0, 0, 0, 0, 0, 0, 1, 0, 0, 0, 0, 0, 0, 0, 0, 0, 0, 0, 0
Screenshot--44-_png.rf.b7b562d06588ff4df256d5c33acf52cc.jpg, 0, 0, 0, 0, 0, 0, 0, 0, 0, 0, 0, 0, 0, 0, 0, 0, 0, 1, 0, 0
Screenshot--2-_png.rf.b7b8b088e7eaea8072b8410d49fdb736.jpg, 0, 0, 0, 0, 0, 0, 0, 0, 0, 0, 0, 0, 1, 0, 0, 0, 0, 0, 0, 0
Screen-Shot-2022-07-01-at-11-15-48-AM_png.rf.b7c7f1db264bdadb1ad44f0ac66d0ee1.jpg, 0, 0, 0, 0, 0, 0, 0, 1, 0, 0, 0, 0, 0, 0, 0, 0, 0, 0, 0, 0
mite-5_jpg.rf.a09870255e18f70a6c3d0d97091d7aa6.jpg, 0, 0, 0, 0, 0, 0, 0, 0, 0, 0, 0, 1, 0, 0, 0, 0, 0, 0, 0, 0
mite-6_jpg.rf.b918e4369a06ec84aed94aea7ed51105.jpg, 0, 0, 0, 0, 0, 0, 0, 0, 0, 0, 0, 1, 0, 0, 0, 0, 0, 0, 0, 0
gnat-bites1_jpg.rf.bb540e867df0ec64e5d6d5af0b7e4a67.jpg, 0, 0, 0, 0, 0, 0, 0, 1, 0, 0, 0, 0, 0, 0, 0, 0, 0, 0, 0, 0
gnat-bites57_jpg.rf.8badb2182f0f17ac83de4cde68023494.jpg, 0, 0, 0, 0, 0, 0, 0, 1, 0, 0, 0, 0, 0, 0, 0, 0, 0, 0, 0, 0
gnat-bites6_jpg.rf.bb6e16bd0c8b80a507e0f7780f9fb3be.jpg, 0, 0, 0, 0, 0, 0, 0, 1, 0, 0, 0, 0, 0, 0, 0, 0, 0, 0, 0, 0
Screen-Shot-2022-07-01-at-11-03-07-AM_png.rf.bc6f4c4c0721adf9828b09dbd2b41d3c.jpg, 0, 1, 0, 0, 0, 0, 0, 0, 0, 0, 0, 0, 0, 0, 0, 0, 0, 0, 0, 0
bites-4_jpg.rf.93fd33775f2a1f688bc44b2f221f4485.jpg, 0, 1, 1, 0, 0, 1, 1, 0, 0, 0, 0, 0, 1, 0, 0, 0, 1, 0, 0, 0
th--6-_jpeg.rf.bcd4066f1e895c10407894cae8c7cdf9.jpg, 0, 0, 0, 0, 1, 0, 0, 0, 0, 0, 0, 0, 0, 0, 0, 0, 0, 0, 0, 0
IMG-3088_JPG.rf.bcdf1124ec2f59dd1b18e7abbda80e42.jpg, 0, 0, 0, 0, 0, 0, 1, 0, 0, 0, 0, 0, 0, 0, 0, 0, 0, 0, 0, 0
gnat-bites55_jpg.rf.be15de05eb374198e24e4ca49f7a6f08.jpg, 0, 0, 0, 0, 0, 0, 0, 1, 0, 0, 0, 0, 0, 0, 0, 0, 0, 0, 0, 0
gnat-bites55_jpg.rf.bd2ac63d700d944dcc0cf1e62a129189.jpg, 0, 0, 0, 0, 0, 0, 0, 1, 0, 0, 0, 0, 0, 0, 0, 0, 0, 0, 0, 0
IMG-3088_JPG.rf.b0b3efe0cfdd193a2bd6748698257163.jpg, 0, 0, 0, 0, 0, 0, 1, 0, 0, 0, 0, 0, 0, 0, 0, 0, 0, 0, 0, 0
gnat-bites78_jpg.rf.be76f0b3fd4e48e7818cab3f9eae785f.jpg, 0, 0, 0, 0, 0, 0, 0, 1, 0, 0, 0, 0, 0, 0, 0, 0, 0, 0, 0, 0
mite-5_jpg.rf.9fc19418d1745ca35b2794bce1f250db.jpg, 0, 0, 0, 0, 0, 0, 0, 0, 0, 0, 0, 1, 0, 0, 0, 0, 0, 0, 0, 0
mite-6_jpg.rf.bf729807482aa6bec56e65c88f6d8855.jpg, 0, 0, 0, 0, 0, 0, 0, 0, 0, 0, 0, 1, 0, 0, 0, 0, 0, 0, 0, 0
Screen-Shot-2022-07-01-at-11-41-28-AM_png.rf.aa27cdcbfd8197eada80d956b2f416f5.jpg, 0, 0, 0, 1, 0, 0, 0, 0, 0, 0, 0, 0, 0, 0, 0, 0, 0, 0, 0, 0
IMG-3078_JPG.rf.c0a5b67cf2946b891850d613a4ec4485.jpg, 0, 0, 0, 0, 0, 0, 0, 0, 0, 0, 0, 0, 0, 1, 0, 0, 0, 0, 0, 0
mite-14_jpg.rf.a2dd7034e9955f1aba211aac0205a569.jpg, 0, 0, 0, 0, 0, 0, 0, 0, 0, 0, 0, 1, 0, 0, 0, 0, 0, 0, 0, 0
Screenshot--13-_png.rf.c2182119dea4c84cc3abec7efbb04ba4.jpg, 0, 0, 0, 0, 0, 0, 0, 0, 0, 0, 0, 0, 1, 0, 0, 0, 0, 0, 0, 0
gnat-bites22_jpg.rf.c20241ec2fcaa7cc992a48f412f1b725.jpg, 0, 0, 0, 0, 0, 0, 0, 1, 0, 0, 0, 0, 0, 0, 0, 0, 0, 0, 0, 0
Screenshot--58-_png.rf.a6b4f328da62108111e6e3f04781fcbb.jpg, 0, 0, 0, 0, 0, 0, 0, 0, 0, 0, 0, 0, 0, 0, 0, 0, 1, 0, 0, 0
Screenshot--27-_png.rf.c2cc446ead4b0af0c38656569f688ac7.jpg, 0, 0, 0, 0, 0, 0, 0, 0, 0, 0, 0, 0, 0, 0, 0, 1, 0, 0, 0, 0
th--3-_jpeg.rf.c2bd8e53656afc74df8da77eb81d9e15.jpg, 0, 0, 0, 0, 0, 0, 0, 0, 0, 0, 0, 0, 0, 0, 0, 0, 0, 0, 1, 0
Screenshot--15-_png.rf.c373d974f8c819ecfec5422c9bbc43b8.jpg, 0, 0, 0, 0, 0, 0, 0, 0, 0, 0, 0, 0, 1, 0, 0, 0, 0, 0, 0, 0
Screenshot--21-_png.rf.c33645f63dce173262d3e59e552c921d.jpg, 0, 0, 0, 0, 0, 0, 0, 0, 0, 1, 0, 0, 0, 0, 0, 0, 0, 0, 0, 0
gnat-bites54_jpg.rf.c4ab1f154be887aff6a98a317e698c2e.jpg, 0, 0, 0, 0, 0, 0, 0, 1, 0, 0, 0, 0, 0, 0, 0, 0, 0, 0, 0, 0
gnat-bites84_jpg.rf.c417dd3916045c44a3f43f6393d816b8.jpg, 0, 0, 0, 0, 0, 0, 0, 1, 0, 0, 0, 0, 0, 0, 0, 0, 0, 0, 0, 0
IMG_3025_jpeg.rf.b3cd8199b8885ebcf4d0e1e102275bd4.jpg, 0, 0, 0, 0, 0, 0, 0, 0, 0, 0, 0, 0, 0, 0, 1, 0, 0, 0, 0, 0
Screenshot--35-_png.rf.c55fc791fdc1c861803c6100f2bdae2a.jpg, 0, 0, 0, 0, 0, 0, 0, 0, 0, 0, 0, 0, 0, 0, 0, 0, 0, 1, 0, 0
IMG-3078_JPG.rf.c59bad01226849fe3e319538b5866d71.jpg, 0, 0, 0, 0, 0, 0, 0, 0, 0, 0, 0, 0, 0, 1, 0, 0, 0, 0, 0, 0
Screenshot--6-_png.rf.c57ea945e260f8f1aaeeb3337235efe8.jpg, 0, 0, 0, 0, 0, 0, 0, 0, 1, 0, 0, 0, 0, 0, 0, 0, 0, 0, 0, 0
IMG-3092_PNG.rf.c643007f3d3de41ac7a78f6186763d1b.jpg, 0, 0, 0, 0, 0, 0, 1, 0, 0, 0, 0, 0, 0, 0, 0, 0, 0, 0, 0, 0
th--2-_jpeg.rf.c60f702ae9a89bada076140e46920823.jpg, 0, 0, 0, 0, 0, 0, 0, 0, 0, 0, 0, 0, 0, 0, 0, 0, 0, 0, 1, 0
th--2-_jpeg.rf.c65dc506ba5cb7fe272fb2af6216c595.jpg, 0, 0, 0, 0, 0, 0, 0, 0, 0, 0, 0, 0, 0, 0, 0, 0, 0, 0, 1, 0
Screen-Shot-2022-07-01-at-11-36-08-AM_png.rf.c65f5e2b78b20a28b7fcbb0e9fe87300.jpg, 0, 0, 0, 1, 0, 0, 0, 0, 0, 0, 0, 0, 0, 0, 0, 0, 0, 0, 0, 0
Screenshot--80-_png.rf.b610e625fcdc3c925b1f06f2b2e1cbe1.jpg, 1, 0, 0, 0, 0, 0, 0, 0, 0, 0, 0, 0, 0, 0, 0, 0, 0, 0, 0, 0
Screen-Shot-2022-07-01-at-11-39-42-AM_png.rf.c67419c71a190ea49579e096a580c954.jpg, 0, 0, 0, 1, 0, 0, 0, 0, 0, 0, 0, 0, 0, 0, 0, 0, 0, 0, 0, 0
gnat-bites19_jpg.rf.c67dec7befe7146d0198515547914b91.jpg, 0, 0, 0, 0, 0, 0, 0, 1, 0, 0, 0, 0, 0, 0, 0, 0, 0, 0, 0, 0
Screenshot--14-_png.rf.b7cdcfb36f162b48e31ab49368430837.jpg, 0, 0, 0, 0, 0, 0, 0, 0, 0, 0, 0, 0, 1, 0, 0, 0, 0, 0, 0, 0
IMG-3088_JPG.rf.c694a6f9de8067e1b09336560087667e.jpg, 0, 0, 0, 0, 0, 0, 1, 0, 0, 0, 0, 0, 0, 0, 0, 0, 0, 0, 0, 0
beetle-12_jpg.rf.baf3f48e2ef67d08c8dec611c225ac81.jpg, 0, 0, 1, 0, 0, 0, 0, 0, 0, 0, 0, 0, 0, 0, 0, 0, 0, 0, 0, 0
IMG-3119_JPG.rf.bbf5eefbc330be66c9e4fdbb35362bc1.jpg, 0, 0, 0, 0, 0, 0, 0, 0, 0, 0, 1, 0, 0, 0, 0, 0, 0, 0, 0, 0
Screenshot--28-_png.rf.a9ad8536dcc9532402ae2c63de14b503.jpg, 0, 0, 0, 0, 0, 0, 0, 0, 0, 1, 0, 0, 0, 0, 0, 0, 0, 0, 0, 0
yellow-jacket-bug-bites5_jpg.rf.bfdaca1937791d5bf8a59656e841cf06.jpg, 0, 0, 0, 0, 0, 0, 0, 0, 0, 0, 0, 0, 0, 0, 0, 0, 0, 0, 1, 0
beetle-5_jpg.rf.c96cc54989341bc97212f21005c16dd3.jpg, 0, 0, 1, 0, 0, 0, 0, 0, 0, 0, 0, 0, 0, 0, 0, 0, 0, 0, 0, 0
beetle-7_jpg.rf.c8c4b5807207aaf13a7670a11c0e86a0.jpg, 0, 0, 1, 0, 0, 0, 0, 0, 0, 0, 0, 0, 0, 0, 0, 0, 0, 0, 0, 0
fire-ant-7_jpg.rf.cbb3876376e47da9ec286a20ca6f5fb5.jpg, 0, 0, 0, 0, 0, 1, 0, 0, 0, 0, 0, 0, 0, 0, 0, 0, 0, 0, 0, 0
IMG-3115_JPG.rf.ccbcd14e73fa383afd06cd6156441726.jpg, 0, 0, 0, 0, 0, 0, 0, 0, 0, 0, 1, 0, 0, 0, 0, 0, 0, 0, 0, 0
IMG-3069_jpg.rf.cde2976fcdf21ce399bbbc681ccdf1c9.jpg, 0, 0, 0, 0, 0, 0, 0, 0, 0, 0, 0, 0, 0, 1, 0, 0, 0, 0, 0, 0
Screen-Shot-2022-07-01-at-11-37-14-AM_png.rf.ce747e87a74f1457df6b7c5cd63b7248.jpg, 0, 0, 0, 1, 0, 0, 0, 0, 0, 0, 0, 0, 0, 0, 0, 0, 0, 0, 0, 0
Screenshot--78-_png.rf.cfbe9193b24f1e4da0e5f02992b32175.jpg, 1, 0, 0, 0, 0, 0, 0, 0, 0, 0, 0, 0, 0, 0, 0, 0, 0, 0, 0, 0
Screenshot--15-_png.rf.d09fc5b1d7b48a58a8eb74c26af7c890.jpg, 0, 0, 0, 0, 0, 0, 0, 0, 1, 0, 0, 0, 0, 0, 0, 0, 0, 0, 0, 0
Screenshot--37-_png.rf.d04b5991ff955caaf6dc5eab4c6291b9.jpg, 0, 0, 0, 0, 0, 0, 0, 0, 0, 0, 0, 0, 0, 0, 0, 0, 0, 1, 0, 0
Screenshot--50-_png.rf.d188f993cf8ee5b304c8ee97df38cf22.jpg, 0, 0, 0, 0, 0, 0, 0, 0, 0, 0, 0, 0, 0, 0, 0, 0, 1, 0, 0, 0
gnat-bites78_jpg.rf.9ab1402a29861fd737c921a89298805d.jpg, 0, 0, 0, 0, 0, 0, 0, 1, 0, 0, 0, 0, 0, 0, 0, 0, 0, 0, 0, 0
gnat-bites49_jpg.rf.b2fa880d51613f3d3b3d9e628b02b1be.jpg, 0, 0, 0, 0, 0, 0, 0, 1, 0, 0, 0, 0, 0, 0, 0, 0, 0, 0, 0, 0
Screen-Shot-2022-07-01-at-11-04-33-AM_png.rf.bfab42ca8a8848d3100a049d48477d97.jpg, 0, 1, 0, 0, 0, 0, 0, 0, 0, 0, 0, 0, 0, 0, 0, 0, 0, 0, 0, 0
Screenshot--35-_png.rf.b5e1d656a5159bd72de670a295c2b87c.jpg, 0, 0, 0, 0, 0, 0, 0, 0, 1, 0, 0, 0, 0, 0, 0, 0, 0, 0, 0, 0
Screenshot--13-_png.rf.c65fd262e7beac495a1fd5b3460455ab.jpg, 0, 0, 0, 0, 0, 0, 0, 0, 1, 0, 0, 0, 0, 0, 0, 0, 0, 0, 0, 0
IMG-3084_JPG.rf.be42910ac430195ffca96ceab20dbb3a.jpg, 0, 0, 0, 0, 0, 0, 1, 0, 0, 0, 0, 0, 0, 0, 0, 0, 0, 0, 0, 0
fire-ant-4_jpg.rf.c8bb9d1d38538048551f232fee5bc411.jpg, 0, 0, 0, 0, 0, 1, 0, 0, 0, 0, 0, 0, 0, 0, 0, 0, 0, 0, 0, 0
Screenshot--20-_png.rf.c40f8cfb69be5b516ac232d7c149664f.jpg, 0, 0, 0, 0, 0, 0, 0, 0, 0, 1, 0, 0, 0, 0, 0, 0, 0, 0, 0, 0
istock_000001710684medium_mosquito-bite_jpg.rf.cd90b4131af8e40ad9ee566da9a16072.jpg, 0, 1, 0, 0, 0, 0, 0, 0, 0, 0, 0, 0, 0, 0, 0, 0, 0, 0, 0, 0
Screenshot--22-_png.rf.cadf2061ee88a3a95919e1c0d91c19e8.jpg, 0, 0, 0, 0, 0, 0, 0, 0, 0, 1, 0, 0, 0, 0, 0, 0, 0, 0, 0, 0
gnat-bites6_jpg.rf.cf5bf46c1025beaa1e55bc5992778ab7.jpg, 0, 0, 0, 0, 0, 0, 0, 1, 0, 0, 0, 0, 0, 0, 0, 0, 0, 0, 0, 0